,age_first_funding_year,age_last_funding_year,age_first_milestone_year_impute,age_last_milestone_year_impute,relationships,funding_rounds,funding_total_usd,milestones,is_CA,is_NY,is_MA,is_TX,is_otherstate,is_web,is_mobile,is_enterprise,is_advertising,is_gamesvideo,is_ecommerce,is_biotech,is_consulting,is_othercategory,has_VC,has_angel,has_roundA,has_roundB,has_roundC,has_roundD,avg_participants,is_top500,lat_decile,long_decile,labels
0,2.2493,3.0027,4.6685,6.7041,3,3,375000,3,1,0,0,0,0,0,0,0,0,0,0,0,0,1,0,1,0,0,0,0,1.0,0,8,9,1
1,5.126,9.9973,7.0055,7.0055,9,4,40100000,1,1,0,0,0,0,0,0,1,0,0,0,0,0,0,1,0,0,1,1,1,4.75,1,1,4,1
2,1.0329,1.0329,1.4575,2.2055,5,1,2600000,2,1,0,0,0,0,1,0,0,0,0,0,0,0,0,0,0,1,0,0,0,4.0,1,0,5,1
3,3.1315,5.3151,6.0027,6.0027,5,3,40000000,1,1,0,0,0,0,0,0,0,0,0,0,0,0,0,0,0,0,1,1,1,3.3333,1,1,3,1
4,0.0,1.6685,0.0384,0.0384,2,2,1300000,1,1,0,0,0,0,0,0,0,0,1,0,0,0,0,1,1,0,0,0,0,1.0,1,4,0,0
5,4.5452,4.5452,5.0027,5.0027,3,1,7500000,1,1,0,0,0,0,0,0,0,0,0,0,0,0,1,0,0,0,1,0,0,3.0,1,2,3,0
6,1.7205,5.211,3.0,6.6082,6,3,26000000,2,1,0,0,0,0,0,0,0,0,0,0,0,0,0,1,0,1,1,0,0,1.6667,1,2,3,1
7,1.6466,6.7616,5.6055,7.3616,25,3,34100000,3,1,0,0,0,0,0,0,0,0,0,0,0,0,1,0,0,1,1,0,1,3.5,1,5,0,1
8,3.5863,11.1123,8.0055,9.9945,13,3,9650000,4,0,0,1,0,0,0,1,0,0,0,0,0,0,0,1,0,1,0,0,1,4.0,1,9,8,1
9,1.6712,4.6849,2.9178,6.1151,14,3,5750000,4,1,0,0,0,0,1,0,0,0,0,0,0,0,0,1,1,1,0,0,0,1.0,1,3,2,1
10,4.6274,9.4493,10.1342,10.6493,22,3,27500000,3,1,0,0,0,0,0,1,0,0,0,0,0,0,0,0,0,1,1,0,0,1.0,1,3,2,1
11,1.0849,5.3370000000000015,0.0,4.6082,8,5,10400000,2,1,0,0,0,0,1,0,0,0,0,0,0,0,0,1,1,1,0,0,0,1.75,1,3,2,0
12,4.9041,4.9041,6.8872621179164435,7.637379092149457,0,1,350000,0,0,0,0,0,1,1,0,0,0,0,0,0,0,0,1,0,0,0,0,0,1.0,0,5,6,0
13,0.0192,2.4356,0.7945,4.3781,15,3,9950000,3,0,1,0,0,0,0,0,0,0,0,0,0,0,1,0,0,1,1,1,0,2.3333,1,7,8,1
14,4.6658,8.9973,8.8384,8.8384,12,5,10700000,1,0,0,0,0,1,0,0,0,0,0,0,0,0,0,0,0,1,1,0,0,2.5,1,6,5,1
15,6.6082,6.6082,9.280480725844793,10.291251915079636,0,1,200000,0,0,0,0,0,1,0,0,0,0,0,0,0,0,1,1,0,0,0,0,0,1.0,0,6,7,0
16,2.5863,6.7644,5.5014,5.5014,8,5,49000000,1,1,0,0,0,0,0,0,0,0,0,0,0,0,1,1,0,1,1,1,1,3.5,1,2,3,0
17,4.5918,7.1726,0.0,12.6795,7,4,25000000,3,1,0,0,0,0,0,0,0,0,1,0,0,0,0,0,0,1,1,1,1,3.5,1,4,1,1
18,0.7425,1.5808,1.2849,3.0027,10,3,4575000,3,0,1,0,0,0,1,0,0,0,0,0,0,0,0,0,1,1,0,0,0,5.0,1,7,8,1
19,2.5014,2.8301,3.0877,3.4932,13,2,28000000,3,1,0,0,0,0,0,0,1,0,0,0,0,0,0,0,0,1,1,0,0,1.0,1,3,2,0
20,2.2137,3.7863,4.0877,9.4986,8,2,4355000,3,0,0,0,1,0,0,0,0,0,0,0,0,0,0,0,1,1,0,0,0,1.5,0,0,6,1
21,3.8329,3.8329,3.7507,3.7507,3,1,15000000,1,0,0,0,0,1,0,0,0,0,0,0,0,0,1,0,0,0,1,0,0,2.0,1,9,2,0
22,5.4904,5.4904,0.0,0.0,1,1,3170000,1,1,0,0,0,0,1,0,0,0,0,0,0,0,0,0,0,1,0,0,0,2.0,0,3,2,0
23,0.0,3.3151,3.6959,5.662999999999999,4,2,2300000,3,1,0,0,0,0,0,1,0,0,0,0,0,0,0,0,1,1,0,0,0,2.0,0,4,1,0
24,0.2521,0.337,0.4732789571456214,0.5248255039771553,5,2,455000,0,0,0,0,0,1,0,0,0,0,0,0,0,0,1,0,1,1,0,0,0,4.5,1,6,5,0
25,4.8411,4.8411,1.0,1.0,3,1,13000000,1,0,0,0,0,1,0,0,0,0,0,0,0,0,0,0,0,0,0,1,0,4.0,1,8,6,1
26,4.0603,4.0603,3.0027,3.0027,7,1,15000000,1,1,0,0,0,0,0,0,0,0,0,0,0,0,1,0,0,0,0,1,0,4.0,1,3,3,1
27,4.0685,4.0685,3.4192,5.2301,2,1,3800000,3,1,0,0,0,0,0,0,0,0,0,0,0,0,1,0,0,0,1,0,0,2.0,1,5,2,1
28,2.5068,4.5315,4.9315,5.6767,37,5,299500000,2,0,0,0,1,0,1,0,0,0,0,0,0,0,0,1,0,1,0,1,0,1.75,1,0,6,1
29,1.189,1.189,2.189,7.7753,5,1,1000000,3,1,0,0,0,0,0,0,0,0,0,0,0,0,1,1,0,0,0,0,0,2.0,1,0,5,1
30,1.3534,2.1644,4.5178,4.5178,3,2,10500000,1,1,0,0,0,0,0,0,0,0,0,0,0,0,1,0,0,1,1,0,0,2.0,1,3,3,0
31,4.1534,5.1671,3.0,3.0,6,2,8600000,1,0,0,0,0,1,0,0,0,0,0,0,0,0,1,1,0,0,1,0,0,1.5,1,9,1,1
32,0.0,2.0192,2.8357414548024886,3.144592455877365,9,2,5000000,0,0,0,0,0,1,0,0,0,0,0,0,0,0,0,0,0,1,1,0,0,2.5,1,1,7,0
33,0.0,0.8685,0.4137,2.1671,3,2,2304999,2,1,0,0,0,0,0,1,0,0,0,0,0,0,0,1,0,0,0,0,0,5.0,1,4,0,1
34,0.0822,0.0822,0.1154407426628192,0.1280138172905702,2,1,25000,0,0,0,0,0,1,0,0,0,0,0,0,0,0,1,0,1,0,0,0,0,1.0,0,6,7,0
35,2.6575,2.6575,0.0,0.0,1,1,4000000,1,0,1,0,0,0,0,0,0,0,0,0,0,0,0,0,0,0,1,0,0,1.0,1,7,7,0
36,0.6192,1.5945,1.0,4.3315,8,2,14600000,3,1,0,0,0,0,0,0,0,0,0,0,0,0,0,0,0,1,1,0,0,2.0,1,5,1,0
37,1.063,5.7014,8.006981146201914,8.879050826039622,0,3,44000000,0,1,0,0,0,0,0,0,0,0,0,0,0,0,1,0,0,0,1,1,0,4.5,1,2,4,0
38,0.1671,2.6493,0.6082,4.7507,10,3,1822922,3,1,0,0,0,0,0,0,0,0,0,1,0,0,0,0,1,1,0,0,0,2.3333,1,5,1,1
39,0.0,5.9041,3.8411,7.1370000000000005,18,7,29915001,5,0,1,0,0,0,0,0,0,1,0,0,0,0,0,1,1,1,1,1,0,2.75,1,8,8,1
40,0.0,4.8027,3.7205,7.6164,26,4,33000000,5,0,0,0,0,1,0,0,1,0,0,0,0,0,0,0,0,1,1,1,0,3.0,1,0,6,1
41,0.0,0.5836,0.5836,0.5945,9,2,125000,2,0,0,0,0,1,0,1,0,0,0,0,0,0,0,0,1,0,0,0,0,1.0,0,9,9,1
42,0.1041,2.3863,2.3315,2.7918,7,2,4000000,2,1,0,0,0,0,0,0,0,0,0,0,0,0,1,1,0,1,0,0,0,1.0,1,6,5,0
43,3.4904,3.4904,5.6603,8.3425,10,1,10000000,3,0,0,0,0,1,0,0,1,0,0,0,0,0,0,0,0,0,0,1,0,2.0,1,9,1,1
44,4.6658,4.6658,8.7425,10.2247,25,1,6000000,4,1,0,0,0,0,0,0,0,1,0,0,0,0,0,0,0,0,0,1,0,3.0,1,2,3,1
45,2.6247,2.6247,3.6860987502080484,4.0875652827561995,4,1,25000000,0,1,0,0,0,0,0,0,0,0,0,0,0,0,0,0,0,0,1,0,0,5.0,1,2,3,1
46,0.926,2.9534,0.8329,2.7425,2,3,3750000,3,0,1,0,0,0,0,0,0,0,0,0,0,0,1,0,1,1,0,0,0,2.0,1,7,8,1
47,0.2466,0.2466,1.1178,1.663,9,1,3000000,2,0,0,1,0,0,0,0,0,0,0,0,0,0,0,0,0,1,0,0,0,1.0,1,8,9,1
48,0.189,1.189,1.3562,1.6575,6,2,1155000,2,1,0,0,0,0,0,0,0,0,0,0,0,0,0,0,1,0,0,0,0,9.5,1,4,0,1
49,3.2082,3.2082,5.2548,7.8822,11,1,10000000,2,1,0,0,0,0,0,0,0,0,0,0,0,0,0,0,0,0,0,0,1,2.0,1,4,2,1
50,2.5836,2.5836,2.0,2.0,5,1,3000000,1,1,0,0,0,0,1,0,0,0,0,0,0,0,0,0,0,1,0,0,0,1.0,1,4,1,1
51,1.8932,2.4466,2.0,3.2767,4,2,11500000,3,0,0,1,0,0,0,1,0,0,0,0,0,0,0,0,0,0,0,0,0,1.0,1,8,9,1
52,0.7479,0.7479,4.0493,8.3233,12,1,5000000,5,0,0,0,1,0,1,0,0,0,0,0,0,0,0,0,0,1,0,0,0,3.0,1,0,6,1
53,5.1863,6.8137,7.3342,7.3342,9,2,29000000,1,0,0,1,0,0,0,0,0,0,0,0,0,0,1,1,0,0,0,0,1,5.0,1,8,9,1
54,0.6712,6.2329,4.0493,7.5973,37,6,34700000,4,1,0,0,0,0,0,0,1,0,0,0,0,0,0,1,1,1,1,1,1,5.0,1,5,0,1
55,1.1863,3.4986,4.91339394501386,5.448529697965802,0,2,12050000,0,1,0,0,0,0,0,0,0,0,0,0,0,0,0,1,0,1,0,0,0,2.0,1,3,2,0
56,2.1644,4.7616,4.0027,6.7534,13,3,12000000,2,1,0,0,0,0,0,0,0,0,0,0,0,0,1,1,0,1,1,0,0,2.0,1,3,2,1
57,4.1041,4.1041,1.9151,1.9151,18,1,5500000,1,1,0,0,0,0,0,0,0,0,0,0,0,1,0,0,0,0,0,1,0,2.0,1,0,5,1
58,1.989,4.1534,2.8986,5.2575,10,3,24000000,4,1,0,0,0,0,0,0,0,0,0,0,0,0,0,0,0,1,1,0,0,3.3333,1,2,3,1
59,5.2027,6.189,7.5068,12.8932,6,2,10000000,2,0,0,0,0,1,0,1,0,0,0,0,0,0,0,0,0,1,1,0,0,4.5,1,6,6,1
60,2.7836,10.9507,0.0,0.0,10,3,19009671,1,0,0,1,0,0,0,0,0,0,0,0,1,0,0,0,0,0,1,0,0,2.0,1,9,9,0
61,3.4986,3.4986,3.0,3.0,6,1,5000000,1,1,0,0,0,0,0,0,0,0,0,0,0,0,1,0,0,1,0,0,0,1.0,1,5,0,0
62,4.0466,9.3041,6.0027,6.0027,2,5,18914576,1,0,0,0,0,1,0,0,1,0,0,0,0,0,0,1,0,0,0,1,0,3.0,1,9,2,1
63,6.3726,6.3726,8.94960677242192,9.924341266008367,0,1,4000000,0,0,0,0,0,1,0,0,0,0,0,0,0,0,0,1,0,0,0,0,0,3.0,0,0,7,0
64,1.3259999999999998,2.7836,1.6740000000000002,3.1342,5,3,2030882,2,0,0,1,0,0,0,0,0,0,0,0,0,0,0,0,0,1,0,0,0,3.0,1,8,9,1
65,2.6438,2.6438,0.0,7.3918,4,1,5000000,2,1,0,0,0,0,0,0,0,0,0,0,0,0,1,0,0,0,1,0,0,1.0,1,5,1,1
66,1.0877,1.0877,1.527553476816891,1.6939249278218151,5,1,20500000,0,0,0,0,0,1,0,0,0,0,0,0,0,0,0,1,0,0,0,0,0,4.0,1,9,2,0
67,3.9616,6.5205,4.5781,7.6877,4,2,13250000,4,0,0,0,0,1,0,0,0,1,0,0,0,0,0,1,0,0,0,0,0,2.0,0,7,8,1
68,7.2548,7.2548,7.0055,7.0055,7,1,12000000,1,1,0,0,0,0,0,0,0,0,0,0,0,0,1,0,0,0,0,0,0,2.0,1,3,2,1
69,1.3342,3.0247,3.0219,3.337,9,3,11489687,2,1,0,0,0,0,0,0,0,1,0,0,0,0,0,0,1,1,1,0,0,3.3333,1,5,1,1
70,0.6795,0.6795,2.9178,4.2274,15,1,4000000,3,1,0,0,0,0,1,0,0,0,0,0,0,0,0,0,0,1,0,0,0,3.0,1,5,1,1
71,0.0,0.0,0.1369999999999999,0.1369999999999999,3,1,355000,1,1,0,0,0,0,0,0,0,0,0,0,0,0,0,0,1,0,0,0,0,1.0,0,2,3,1
72,0.0,0.2466,2.4164,5.3151,10,2,118000,3,0,0,0,0,1,1,0,0,0,0,0,0,0,0,0,1,0,0,0,0,1.5,1,0,7,1
73,1.6685,9.337,7.3808,10.474,17,4,40400000,3,1,0,0,0,0,0,0,0,1,0,0,0,0,0,0,0,1,1,1,1,1.6667,1,4,1,1
74,1.8055,1.8055,2.535623611651096,2.811787677836065,1,1,3000000,0,0,0,0,1,0,0,0,0,0,0,0,0,0,0,0,0,1,0,0,0,1.0,1,0,6,0
75,2.6986,4.0027,1.0,1.0,2,2,19700000,1,1,0,0,0,0,0,0,0,0,0,0,0,0,0,1,0,0,1,0,0,4.0,1,3,4,0
76,9.1671,9.1973,12.916583242004224,14.323375690590773,0,2,17800000,0,1,0,0,0,0,0,0,0,0,0,0,0,0,0,1,0,0,0,0,0,1.0,1,2,3,0
77,0.011,2.0986,3.0904,3.7836,12,3,57500000,3,1,0,0,0,0,0,0,0,0,0,0,0,0,1,0,1,1,1,0,0,4.0,1,4,0,1
78,0.6658,3.0384,2.0,5.0548,10,3,17200000,5,0,1,0,0,0,0,0,0,0,1,0,0,0,0,0,0,1,1,1,0,2.6667,1,7,8,1
79,0.0,1.3425,0.0,1.5479,4,7,457282,2,0,0,1,0,0,0,1,0,0,0,0,0,0,0,1,1,0,0,0,0,1.0,1,8,9,0
80,0.0,2.0329,2.3151,3.1644,11,4,18500000,3,1,0,0,0,0,0,1,0,0,0,0,0,0,0,0,1,1,1,0,0,2.25,1,4,0,1
81,2.0466,2.0466,2.874221702356762,3.187263728307555,2,1,12000000,0,0,0,0,0,1,0,0,0,0,0,0,0,0,1,0,0,1,0,0,0,6.0,1,6,7,0
82,3.5123,3.9562,3.9534,4.8356,5,2,510000000,3,0,0,0,0,1,0,0,0,0,0,0,0,0,1,1,0,0,0,0,0,2.5,1,6,5,0
83,3.9342,4.6822,4.0027,4.0027,3,2,18250000,1,1,0,0,0,0,0,0,0,0,0,0,0,0,1,0,0,1,1,0,0,2.5,1,3,3,1
84,2.1616,5.6384,3.8329,7.6932,13,4,41500019,5,0,1,0,0,0,0,0,0,0,0,0,0,0,1,0,0,0,0,1,0,4.0,1,7,7,1
85,5.4411,5.4411,7.641418794436321,8.473673737952817,1,1,1000000,0,0,0,0,0,1,0,0,0,0,0,0,0,0,0,0,0,1,0,0,0,3.0,0,6,7,0
86,1.1288,1.1288,1.0,2.6767,7,1,5000000,2,1,0,0,0,0,1,0,0,0,0,0,0,0,0,0,0,1,0,0,0,1.0,1,1,4,1
87,7.8877,10.6658,0.4137,0.4137,2,3,42700000,1,0,0,0,0,1,0,0,0,0,0,0,0,0,1,1,0,0,1,0,0,3.6667,1,8,7,0
88,0.8822,0.8822,1.2389516201598432,1.3738903845953898,7,1,12000000,0,1,0,0,0,0,0,0,0,0,0,1,0,0,0,1,0,0,0,0,0,9.0,1,2,3,0
89,2.526,3.1041,3.0027,9.126,5,2,22300000,2,0,0,0,0,1,0,0,0,0,0,0,0,0,0,0,0,0,1,1,0,4.5,1,9,2,1
90,4.0027,7.8712,0.1616,0.1616,5,2,10000000,1,1,0,0,0,0,0,0,0,0,0,0,0,0,1,1,0,0,1,0,0,4.0,1,2,4,1
91,1.1671,4.6658,6.552596315282018,7.266263609663534,1,3,15564591,0,0,0,0,0,1,0,0,0,1,0,0,0,0,0,1,0,0,1,1,0,3.5,1,1,6,0
92,2.5726,2.5726,2.4795,4.6685,7,1,500000,2,1,0,0,0,0,1,0,0,0,0,0,0,0,0,0,1,0,0,0,0,5.0,1,4,0,1
93,0.1151,1.3397,1.8329,2.6712,24,2,8950000,2,1,0,0,0,0,0,0,0,0,0,0,0,0,1,0,0,1,0,0,0,7.0,1,4,0,1
94,1.7479,4.8192,4.0027,4.8192,8,4,55350000,2,0,1,0,0,0,0,0,0,0,0,0,0,0,1,0,0,1,1,1,1,4.0,1,8,8,1
95,3.7233,3.7233,5.228960062730836,5.7984652788075435,1,1,4000000,0,1,0,0,0,0,0,0,0,0,0,0,0,0,1,0,0,0,1,0,0,3.0,1,2,3,0
96,1.6986,6.5151,3.2849,4.9315,3,5,10764323,3,0,0,0,0,1,0,0,0,0,0,0,0,0,0,1,0,1,0,0,0,2.0,1,8,6,1
97,1.4082,1.4082,0.0,0.0,1,1,5500000,1,0,0,0,0,1,0,0,0,0,0,0,0,0,0,1,0,0,0,0,0,3.0,1,6,7,0
98,4.2849,4.2849,2.4164,5.5151,7,1,400000,2,1,0,0,0,0,0,0,0,0,0,0,0,0,1,0,1,0,0,0,0,3.0,1,4,0,1
99,0.7507,3.0137,4.232405914390976,4.693372763608169,3,3,54000000,0,1,0,0,0,0,0,0,0,0,0,0,0,0,1,1,0,0,0,1,0,2.6667,1,5,1,0
100,20.8055,20.8055,29.21900695220541,32.40135615132553,2,1,32000000,0,0,0,0,0,1,0,0,0,0,0,0,0,0,0,0,0,0,1,0,0,7.0,1,1,7,0
101,5.789,5.789,8.130005587287839,9.015474310159501,1,1,13000000,0,0,0,0,0,1,0,0,0,0,0,0,0,0,0,0,0,0,0,0,1,4.0,1,6,5,1
102,0.0849,1.2712,1.7852587843427712,1.9796978654473585,5,3,12500000,0,0,0,0,0,1,0,0,0,0,0,0,0,0,0,1,0,1,1,0,0,2.3333,1,9,2,1
103,2.3507,8.2822,1.0027,8.2849,16,4,38064570,2,1,0,0,0,0,0,0,0,0,0,0,0,0,1,1,0,0,1,1,1,3.0,1,1,4,1
104,0.0,1.2548,2.1726,4.6,21,2,6000000,2,1,0,0,0,0,1,0,0,0,0,0,0,0,0,0,1,1,0,0,0,4.0,1,4,0,1
105,2.4658,4.8329,0.5863,5.6164,4,2,5000000,6,0,0,0,0,1,1,0,0,0,0,0,0,0,0,0,0,1,1,0,0,1.0,0,5,7,0
106,0.0,7.1068,6.0055,10.9041,9,3,59000000,3,0,0,0,0,1,0,0,0,0,0,0,0,0,0,1,0,0,0,1,0,2.0,1,6,7,1
107,1.0356,1.0356,0.0,1.0356,2,1,1000000,2,0,0,0,0,1,1,0,0,0,0,0,0,0,0,0,1,0,0,0,0,1.0,0,6,5,0
108,2.7233,2.7233,0.9151,6.3096,5,1,600000,3,1,0,0,0,0,1,0,0,0,0,0,0,0,0,0,1,0,0,0,0,7.0,1,4,0,1
109,2.8356,3.1397,3.3781,3.7753,0,2,125000000,2,0,0,0,0,1,0,1,0,0,0,0,0,0,0,0,0,1,1,0,0,2.0,1,8,9,0
110,0.7945,2.9014,3.0493,6.5233,11,2,2750000,3,1,0,0,0,0,1,0,0,0,0,0,0,0,0,0,1,1,0,0,0,4.0,1,1,4,1
111,2.9178,4.7342,6.648656495308014,7.372786056168097,1,2,30000000,0,1,0,0,0,0,0,0,0,0,0,0,0,0,1,0,0,1,1,0,0,2.5,1,2,4,1
112,4.0137,4.0137,5.636794511262257,6.250718472739194,0,1,7000000,0,1,0,0,0,0,0,0,0,0,0,0,0,0,1,0,0,0,0,1,0,1.0,0,3,4,0
113,0.411,0.411,0.0,2.5342,10,1,6100000,2,1,0,0,0,0,0,0,0,0,0,0,0,0,1,0,0,0,1,0,0,4.0,1,3,2,1
114,0.5315,1.9205,2.2548,2.9781,12,3,2100000,2,1,0,0,0,0,0,0,1,0,0,0,0,0,0,1,1,0,0,0,0,4.0,1,0,5,0
115,0.1452,0.5014,0.4959,3.011,10,2,2565000,3,1,0,0,0,0,0,1,0,0,0,0,0,0,0,0,1,1,0,0,0,3.5,1,4,0,1
116,10.7589,10.7589,15.109676474878414,16.755326749969782,0,1,2000000,0,1,0,0,0,0,0,0,0,0,0,0,1,0,0,0,0,0,0,0,0,1.0,0,4,1,0
117,2.5671,5.6904,2.0027,2.0027,3,3,22400000,1,0,0,0,0,1,0,0,0,0,0,0,0,0,1,1,0,0,1,1,0,3.6667,1,1,7,1
118,1.0822,1.0822,6.0027,6.0027,12,1,6250000,1,0,1,0,0,0,0,0,0,0,0,1,0,0,0,0,0,1,0,0,0,1.0,0,7,8,1
119,1.7479,1.7479,1.0,2.1096,4,1,575000,2,0,1,0,0,0,1,0,0,0,0,0,0,0,0,0,1,0,0,0,0,6.0,0,7,8,1
120,0.0,0.5808,0.0,0.0,1,2,53000,1,0,0,1,0,0,1,0,0,0,0,0,0,0,0,0,1,0,0,0,0,1.0,1,8,9,0
121,0.9151,2.7753,3.0027,3.6466,6,2,9500000,2,1,0,0,0,0,0,0,0,0,0,1,0,0,0,0,0,1,1,0,0,2.5,1,3,2,1
122,0.0,0.8192,0.0,0.2521,7,2,3500000,2,0,0,0,1,0,0,0,1,0,0,0,0,0,0,0,1,1,0,0,0,1.0,1,7,8,0
123,0.7726,1.4959,0.0,3.7534,14,3,10500000,3,0,1,0,0,0,0,0,0,0,0,0,0,0,1,1,0,1,0,0,0,6.3333,1,7,8,1
124,0.7562,4.4137,2.7836,4.0027,14,4,34250000,2,1,0,0,0,0,0,0,0,0,0,0,0,0,1,1,0,1,1,1,0,2.25,1,3,4,1
125,0.6795,4.5507,6.390951187782134,7.087013118542553,2,5,85381111,0,0,0,1,0,0,0,0,0,0,0,0,1,0,0,0,0,1,1,1,0,4.6667,1,8,9,1
126,6.1671,7.9205,8.0055,11.2548,6,3,100000000,3,0,0,0,0,1,1,0,0,0,0,0,0,0,0,1,0,1,0,0,0,2.5,1,6,7,1
127,0.0,1.4877,0.4055,1.3205,3,2,125000,2,0,0,0,0,1,0,0,0,1,0,0,0,0,0,1,1,0,0,0,0,1.0,1,6,7,0
128,2.3178,4.2356,0.0,0.0,2,2,10600000,1,0,0,0,0,1,0,1,0,0,0,0,0,0,0,1,0,0,1,0,0,3.0,1,6,7,0
129,2.4192,5.4384,2.0027,2.0027,2,3,26100000,1,1,0,0,0,0,0,0,0,0,0,0,0,0,1,1,0,0,1,0,0,3.5,1,4,4,1
130,7.5315,7.5315,10.7342,10.7342,2,1,30000000,1,0,1,0,0,0,1,0,0,0,0,0,0,0,0,1,0,0,0,0,0,5.0,1,8,8,1
131,1.0575,1.7699,1.0301,1.1123,6,3,132885,2,0,0,0,0,1,0,0,0,0,1,0,0,0,0,0,1,0,0,0,0,1.0,1,8,6,0
132,0.6,4.2247,0.0,4.4767,9,3,9500000,2,1,0,0,0,0,0,0,0,0,0,0,0,0,0,0,0,1,1,1,0,2.0,1,4,2,1
133,6.1233,6.1233,6.0055,6.0055,9,1,18000000,1,1,0,0,0,0,0,0,0,0,0,0,0,0,1,1,0,0,0,0,0,7.0,1,3,3,1
134,1.8329,1.8329,1.7479,1.7479,4,1,690000,1,0,0,0,0,1,1,0,0,0,0,0,0,0,0,0,1,0,0,0,0,3.0,1,6,6,0
135,5.1644,6.0055,8.434055718510471,9.352639656186367,1,3,25131611,0,0,0,0,0,1,0,1,0,0,0,0,0,0,0,1,0,0,1,0,0,1.0,1,0,6,1
136,3.5288,3.5288,4.955806480639373,5.495561538381559,1,1,2000000,0,1,0,0,0,0,0,0,0,0,0,0,0,0,1,0,0,0,0,0,0,1.0,1,2,4,0
137,1.5836,6.6466,5.0055,7.0877,4,3,78750000,2,0,0,1,0,0,0,0,0,0,0,0,1,0,0,0,0,1,1,0,0,3.5,1,8,9,1
138,0.2521,4.4055,3.3151,6.7918,27,5,48500000,3,1,0,0,0,0,0,0,0,1,0,0,0,0,0,1,1,1,1,1,0,2.5,1,4,2,1
139,0.5726,0.5726,5.1671,8.0082,12,1,15000000,2,1,0,0,0,0,0,0,0,0,0,0,0,0,1,0,0,1,0,0,0,3.0,0,5,1,0
140,0.9397,5.3178,7.468257680442092,8.281653012016962,13,5,74000000,0,1,0,0,0,0,0,0,0,0,0,0,0,0,1,1,0,0,1,1,0,5.3333,1,1,3,1
141,0.7479,2.3315,2.0,2.0,6,2,15000000,1,1,0,0,0,0,0,0,0,0,0,0,0,0,0,0,0,1,1,0,0,3.0,1,5,1,1
142,2.0027,3.9178,3.0027,5.2192,8,3,45000000,3,0,1,0,0,0,0,0,0,0,1,0,0,0,0,0,0,1,0,0,0,1.0,0,1,6,0
143,1.9178,1.9178,2.0027,2.0027,4,1,4410000,1,1,0,0,0,0,0,1,0,0,0,0,0,0,0,0,0,1,0,0,0,1.0,1,2,4,1
144,0.0,0.8959,2.0,2.6767,9,2,4500000,2,0,0,0,0,1,1,0,0,0,0,0,0,0,0,0,0,1,1,0,0,2.0,1,6,7,1
145,1.6712,3.7863,4.6685,5.6849,11,3,11040000,2,1,0,0,0,0,0,0,0,0,0,0,0,0,0,0,0,1,1,1,0,2.5,1,5,1,1
146,1.8822,1.8822,1.3288,2.9479,6,1,1600000,2,1,0,0,0,0,0,0,0,0,1,0,0,0,0,0,0,1,0,0,0,3.0,1,4,0,1
147,3.4164,3.874,7.7534,7.7534,3,2,9000000,1,0,1,0,0,0,0,0,0,0,0,0,0,0,0,1,0,0,1,0,0,4.0,1,7,7,1
148,1.3041,2.6493,0.0,3.6767,4,3,3282327,2,1,0,0,0,0,0,0,0,0,0,0,0,0,1,1,0,0,0,0,0,2.0,1,4,1,1
149,4.1644,4.1644,5.5836,11.3918,5,2,24700000,5,1,0,0,0,0,1,0,0,0,0,0,0,0,0,0,0,1,1,0,0,4.0,1,4,2,1
150,5.6986,6.8877,9.673007338670315,10.726530040781757,2,2,8800000,0,0,0,0,0,1,0,0,0,0,0,0,0,0,1,1,0,1,0,0,0,1.0,1,0,7,0
151,1.1836,1.1836,0.9178,0.9178,1,1,1700000,1,1,0,0,0,0,1,0,0,0,0,0,0,0,0,0,0,1,0,0,0,1.0,0,1,4,0
152,0.2493,0.2493,0.0,0.7781,1,1,20000,2,1,0,0,0,0,1,0,0,0,0,0,0,0,0,0,1,0,0,0,0,1.0,0,5,2,0
153,3.1041,4.9205,5.0027,8.3534,10,2,11500000,5,1,0,0,0,0,0,1,0,0,0,0,0,0,0,0,0,1,1,0,0,2.5,1,4,4,1
154,2.3068,9.4247,4.4986,11.4164,12,7,98170000,3,1,0,0,0,0,0,1,0,0,0,0,0,0,0,1,0,0,1,1,1,5.2,1,6,0,0
155,1.2219,1.2219,0.7479,2.6849,2,1,1350000,3,1,0,0,0,0,1,0,0,0,0,0,0,0,0,0,1,0,0,0,0,10.0,1,5,1,1
156,4.7068,4.7068,2.989,6.863,17,1,940261,2,0,0,0,0,1,0,0,0,0,0,0,0,0,0,0,0,1,0,0,0,1.0,1,8,6,1
157,1.6658,3.6712,3.6658,3.6712,12,2,4000000,3,0,0,1,0,0,1,0,0,0,0,0,0,0,0,0,1,1,0,0,0,3.0,1,8,9,1
158,1.9562,1.9562,1.0027,1.0027,5,1,5000000,1,1,0,0,0,0,1,0,0,0,0,0,0,0,0,0,0,1,0,0,0,1.0,0,2,3,0
159,0.0027,0.0027,0.5836,0.5836,3,1,20000,1,0,0,0,0,1,1,0,0,0,0,0,0,0,0,0,1,0,0,0,0,1.0,0,6,7,0
160,4.0301,4.0301,3.0027,3.0027,5,1,12500000,1,0,0,0,0,1,0,0,0,0,0,0,0,0,1,0,0,0,1,0,0,3.0,1,9,1,1
161,1.3397,4.6548,1.3589,1.3753,0,5,7228704,2,0,0,0,0,1,0,0,0,0,0,0,0,0,1,1,0,1,0,0,0,2.0,1,6,5,0
162,4.3836,5.9562,5.4986,5.4986,5,2,55000000,1,0,0,0,0,1,0,0,0,0,0,0,1,0,0,1,0,0,1,0,0,4.0,1,8,6,0
163,2.063,6.6137,9.288204863127584,10.299817316479857,5,4,15180000,0,1,0,0,0,0,0,0,1,0,0,0,0,0,0,1,0,1,0,1,0,1.0,1,4,2,1
164,2.3479,3.4301,2.3562,4.0027,4,2,30000000,2,1,0,0,0,0,0,0,0,0,0,0,0,0,0,0,0,1,1,0,0,2.5,1,2,4,0
165,2.5233,2.6685,3.0027,4.4247,11,2,14500000,3,0,0,0,1,0,0,0,0,0,0,0,0,0,1,0,0,1,1,0,0,1.5,1,0,6,1
166,2.0685,2.0685,2.5808,4.3671,6,1,6500000,3,1,0,0,0,0,0,0,0,1,0,0,0,0,0,1,0,0,0,0,0,3.0,1,4,0,1
167,0.0,0.0,0.0,0.0,2,1,15000,1,0,0,0,0,1,1,0,0,0,0,0,0,0,0,0,1,0,0,0,0,1.0,0,1,6,0
168,0.7288,3.6055,1.589,4.1041,5,5,4705910,3,0,1,0,0,0,0,1,0,0,0,0,0,0,0,1,1,0,0,0,0,3.0,1,7,8,1
169,2.8055,2.8055,3.0027,4.6493,6,1,3000000,2,1,0,0,0,0,0,0,0,0,1,0,0,0,0,1,0,0,0,0,0,1.0,1,4,1,1
170,0.7452,4.9178,3.0438,6.8411,30,6,125250000,5,0,1,0,0,0,1,0,0,0,0,0,0,0,0,1,0,1,1,1,1,3.5,1,7,8,1
171,0.3315,4.0027,2.3644,3.6685,8,4,1449998,3,0,1,0,0,0,0,0,0,0,0,0,0,0,1,1,1,0,0,0,0,1.0,1,7,8,0
172,0.6959,1.189,0.6629999999999999,2.6247,5,2,6000000,3,0,0,1,0,0,0,1,0,0,0,0,0,0,0,0,1,1,0,0,0,6.0,1,8,9,1
173,2.0603,6.2301,8.749481397367761,9.702419502457197,7,3,28200000,0,0,0,0,0,1,0,0,0,0,0,0,0,0,1,1,0,0,1,1,0,3.0,1,9,6,1
174,3.1479,4.8795,5.0027,5.0027,5,2,14000000,1,1,0,0,0,0,0,0,0,0,0,0,0,0,0,1,0,1,0,0,0,2.0,1,4,0,1
175,1.5808,1.5808,2.2521,2.5342,14,1,3000000,2,0,0,0,1,0,0,0,1,0,0,0,0,0,0,0,0,1,0,0,0,1.0,0,0,6,0
176,1.5151,1.7644,0.7479,0.7479,6,2,2238055,1,0,0,0,0,1,0,0,1,0,0,0,0,0,0,1,1,0,0,0,0,1.0,1,6,5,0
177,0.7123,2.2849,1.9507,2.2822,5,2,5200000,2,1,0,0,0,0,0,0,0,0,0,0,0,0,1,1,0,1,0,0,0,1.0,1,4,0,0
178,3.6329,3.6329,1.1479,3.7781,4,1,75000000,4,0,0,0,0,1,0,0,0,0,0,1,0,0,0,1,0,0,0,0,0,1.0,0,6,7,1
179,0.411,3.9699,4.2521,5.7671,13,4,24500000,4,0,0,1,0,0,0,0,0,0,0,0,0,0,0,0,0,1,1,1,0,2.5,1,8,9,0
180,4.9068,8.1014,11.377513778692988,12.616680527954083,3,3,4476171,0,1,0,0,0,0,0,0,0,1,0,0,0,0,0,1,0,1,0,0,0,2.0,1,0,5,0
181,0.5014,2.4219,2.8192,5.8849,21,3,10400001,3,0,0,0,1,0,1,0,0,0,0,0,0,0,0,0,0,1,1,0,0,6.0,1,0,6,1
182,4.1836,7.1342,5.0027,5.0027,8,3,68400000,1,0,0,0,0,1,0,0,0,0,0,0,0,0,1,1,0,0,0,1,1,6.5,1,6,5,1
183,2.9288,4.6329,6.506391930444953,7.215026935833124,13,2,15200000,0,1,0,0,0,0,0,0,0,0,0,0,0,0,0,0,0,1,1,0,0,2.0,1,3,2,1
184,0.6192,1.5863,2.2277816312169114,2.470417498394544,2,2,890000,0,0,1,0,0,0,0,1,0,0,0,0,0,0,0,0,1,0,0,0,0,3.0,1,7,7,0
185,10.5315,10.5315,14.790318507949884,16.401186335713383,0,1,2600000,0,1,0,0,0,0,0,1,0,0,0,0,0,0,0,1,0,0,0,0,0,1.0,1,4,0,0
186,3.8685,3.8685,3.8301,4.0877,7,1,1226270,2,0,0,0,0,1,0,0,1,0,0,0,0,0,0,0,1,0,0,0,0,1.0,1,8,6,1
187,6.737,8.2877,6.7534,6.7534,5,2,9000000,1,1,0,0,0,0,1,0,0,0,0,0,0,0,0,0,0,1,1,0,0,1.0,0,1,5,1
188,4.6521,8.1288,6.0055,6.0055,4,4,7210210,1,1,0,0,0,0,0,0,1,0,0,0,0,0,0,1,0,1,1,0,0,1.0,0,1,4,1
189,0.7397,1.1425,0.5808,0.5808,15,2,15700000,1,1,0,0,0,0,0,0,0,0,0,0,0,0,1,0,0,1,0,0,0,3.0,1,4,0,1
190,5.6849,6.3151,5.0055,5.0055,4,2,15050000,1,0,0,1,0,0,0,0,0,0,0,0,0,0,0,1,0,0,0,1,0,2.5,1,8,9,1
191,0.7479,2.7507,1.5836,4.5315,5,2,3500000,2,1,0,0,0,0,0,0,0,0,1,0,0,0,0,0,0,1,1,0,0,3.0,1,5,0,1
192,6.4767,7.3507,5.0055,5.0055,2,2,43000000,1,1,0,0,0,0,0,0,0,0,0,0,0,0,0,0,0,0,0,1,1,1.0,1,3,4,0
193,1.1616,3.0384,3.2658,5.5397,7,2,57000000,2,1,0,0,0,0,1,0,0,0,0,0,0,0,0,0,0,1,1,0,0,3.5,1,4,0,1
194,0.8932,0.8932,0.8329,4.2137,8,1,1300000,4,1,0,0,0,0,1,0,0,0,0,0,0,0,0,0,1,0,0,0,0,4.0,1,5,1,1
195,1.4986,4.4247,4.0877,9.737,15,4,69750000,4,1,0,0,0,0,0,0,0,0,1,0,0,0,0,0,0,1,1,1,1,5.0,1,0,5,1
196,3.0,5.0027,9.6247,10.3945,16,2,14500000,2,0,0,1,0,0,0,0,0,1,0,0,0,0,0,0,1,0,1,0,0,2.0,1,8,9,1
197,4.0849,5.5836,7.841544169490478,8.695595501503988,2,2,48000000,0,1,0,0,0,0,0,0,0,0,0,0,0,0,1,0,0,0,0,1,1,6.0,1,2,3,0
198,3.5041,5.4438,7.645210643647874,8.477878571367471,3,2,3508462,0,0,0,0,0,1,0,0,0,0,0,0,0,0,1,1,0,1,0,0,0,3.0,1,6,7,0
199,3.4301,5.5589,7.8384,7.8384,10,3,19500000,1,1,0,0,0,0,0,0,0,0,0,0,0,0,0,0,0,1,1,0,0,3.3333,1,4,1,1
200,0.4685,0.4685,1.1041,1.6795,5,1,3750000,3,1,0,0,0,0,0,1,0,0,0,0,0,0,0,0,0,0,0,0,0,9.0,1,1,4,1
201,0.0,0.0,0.0,0.0,1,1,45000000,0,0,0,0,0,1,1,0,0,0,0,0,0,0,0,0,0,0,0,0,0,2.0,0,8,6,0
202,0.8164,5.5616,4.5562,7.9863,8,4,32500000,3,0,0,0,0,1,0,0,1,0,0,0,0,0,0,0,0,1,1,1,1,2.75,1,1,7,0
203,1.8384,8.3397,5.674,13.5562,4,2,4900000,5,0,0,0,0,1,0,0,1,0,0,0,0,0,0,0,1,0,1,0,0,1.5,1,6,7,1
204,2.2986,3.2110000000000003,3.5945,4.5753,4,2,12000000,3,1,0,0,0,0,0,0,0,1,0,0,0,0,0,0,0,0,1,1,0,2.0,1,2,3,0
205,0.0329,2.2055,4.5151,6.9123,12,3,7175000,6,1,0,0,0,0,1,0,0,0,0,0,0,0,0,0,1,1,1,0,0,2.6667,1,4,0,1
206,1.1699,1.4986,0.0849,5.3863,3,2,4700000,4,1,0,0,0,0,1,0,0,0,0,0,0,0,0,0,1,1,0,0,0,1.5,1,5,1,0
207,0.0,0.0,0.0,0.0,3,1,120000,0,1,0,0,0,0,0,0,0,0,0,0,0,0,1,0,1,0,0,0,0,2.0,0,0,7,0
208,5.1041,8.6411,5.6712,6.8986,10,3,10000000,2,1,0,0,0,0,0,0,0,1,0,0,0,0,0,1,0,0,1,0,0,1.6667,0,2,3,1
209,4.9562,10.3151,14.48640881558694,16.06417672425743,0,4,39000000,0,0,0,0,1,0,0,0,0,0,0,0,0,0,1,1,0,1,0,0,0,3.0,0,0,6,0
210,2.2411,4.0301,5.659826484250946,6.276258942368942,3,2,16100000,0,0,0,1,0,0,0,0,0,0,0,0,0,0,0,0,0,0,1,1,0,2.5,1,8,9,1
211,1.2466,2.0849,2.4986,5.3233,4,2,3300000,3,1,0,0,0,0,0,0,0,1,0,0,0,0,0,0,1,1,0,0,0,2.0,1,5,0,1
212,1.5616,1.5616,1.2438,1.7726,6,1,750000,3,1,0,0,0,0,0,0,0,0,0,0,0,0,1,0,1,0,0,0,0,9.0,1,4,0,1
213,2.4493,2.4493,3.4397689903168263,3.8144068453746183,0,2,1000000,0,0,0,0,0,1,0,0,0,0,0,0,0,0,0,1,1,0,0,0,0,2.0,0,0,6,0
214,11.3342,11.3342,15.91762123465846,17.651267736432857,3,1,7410000,0,0,1,0,0,0,0,0,0,0,0,0,1,0,0,1,0,0,0,0,0,3.0,1,7,8,0
215,6.8932,10.4082,14.617157393955658,16.209165609777532,5,3,52800000,0,1,0,0,0,0,0,0,0,0,0,0,0,0,1,1,0,0,0,1,0,5.3333,1,2,4,1
216,4.6685,9.1178,9.7534,12.8027,33,3,37000000,4,1,0,0,0,0,0,0,0,0,0,0,0,0,0,0,0,1,1,1,0,1.3333,1,0,4,0
217,1.137,3.737,2.463,3.2164,14,3,14229998,3,1,0,0,0,0,1,0,0,0,0,0,0,0,0,0,0,1,1,0,0,3.0,1,5,1,1
218,0.7205,2.4356,0.7671,2.7918,7,2,3000000,2,1,0,0,0,0,0,0,0,0,0,0,0,0,1,0,0,1,1,0,0,2.5,1,1,3,1
219,4.0384,4.0384,6.0027,6.0027,10,1,20000000,1,0,1,0,0,0,0,0,0,1,0,0,0,0,0,0,0,1,0,0,0,1.0,0,7,8,1
220,0.7479,2.0959,1.6548,2.0959,6,2,2000000,3,0,0,0,0,1,0,0,0,1,0,0,0,0,0,0,1,0,0,0,0,1.5,1,9,9,1
221,3.8192,6.0932,9.0055,9.7726,3,2,19900000,2,0,0,0,0,1,0,0,0,0,0,0,0,0,0,1,0,0,1,0,0,2.0,1,6,7,1
222,1.2493,1.2493,2.589,2.589,6,1,1500000,1,1,0,0,0,0,0,0,0,0,0,1,0,0,0,0,0,0,0,0,0,1.0,0,5,1,0
223,0.0,0.0,1.2521,1.2521,4,1,325000,1,1,0,0,0,0,0,0,0,0,0,0,0,0,1,0,1,0,0,0,0,4.0,0,4,0,0
224,0.463,0.463,1.2795,1.8192,16,1,3500000,2,1,0,0,0,0,0,0,1,0,0,0,0,0,0,0,0,1,0,0,0,5.0,1,5,1,0
225,2.0027,4.3863,1.5836,4.1918,7,4,30000000,2,0,0,0,0,1,0,0,0,0,0,0,0,0,1,0,1,1,1,0,0,2.0,1,9,1,0
226,4.2384,4.2384,5.952360628979234,6.600654053580935,1,1,50000000,0,1,0,0,0,0,0,0,0,0,0,0,1,0,0,0,0,0,0,0,1,6.0,1,6,5,1
227,1.4712,1.4712,1.0027,1.4712,5,1,2000000,2,0,1,0,0,0,0,0,0,0,0,1,0,0,0,0,0,1,0,0,0,3.0,1,7,8,1
228,1.5041,5.8356,6.1699,8.3534,25,6,72000000,2,1,0,0,0,0,0,0,0,1,0,0,0,0,0,1,0,1,1,1,1,2.3333,1,3,2,1
229,1.6849,5.8493,8.4219,8.4219,4,3,27690547,1,1,0,0,0,0,0,0,0,0,0,0,0,0,1,0,0,0,1,1,1,4.5,1,1,5,1
230,2.189,2.189,3.074206638551232,3.4090297572878128,32,1,9000000,0,0,0,0,1,0,0,0,0,0,0,0,0,0,1,0,0,0,1,0,0,4.0,1,0,6,0
231,0.4192,1.4658,3.1315,4.137,12,2,7500000,3,1,0,0,0,0,0,0,1,0,0,0,0,0,0,0,0,1,0,0,0,3.5,1,1,4,1
232,0.6932,1.4986,3.4164,3.4164,9,2,10000000,1,0,0,0,1,0,0,0,0,0,0,0,0,0,0,0,0,1,0,0,0,2.0,1,0,6,1
233,1.4411,6.6795,2.0,2.0,7,4,5965000,1,1,0,0,0,0,0,0,0,0,0,0,0,0,0,1,0,1,0,0,0,1.0,0,1,5,1
234,0.0,0.0,0.0,7.4548,9,1,4000000,4,1,0,0,0,0,0,1,0,0,0,0,0,0,0,0,0,1,0,0,0,1.0,0,3,4,1
235,5.1397,5.1397,7.0055,7.0055,2,1,5000000,1,0,0,0,0,1,0,0,0,1,0,0,0,0,0,1,0,0,0,0,0,1.0,0,9,7,0
236,1.0877,1.0877,5.0959,7.3863,15,1,11500000,2,1,0,0,0,0,0,0,0,1,0,0,0,0,0,0,0,1,0,0,0,2.0,1,2,4,1
237,1.0356,2.1479,1.5808,1.5808,2,2,1050000,1,0,0,0,0,1,1,0,0,0,0,0,0,0,0,1,0,0,0,0,0,1.0,0,8,6,0
238,1.1644,1.3507,1.3507,3.3315,13,2,5500000,2,0,1,0,0,0,1,0,0,0,0,0,0,0,0,0,0,1,0,0,0,2.0,1,8,8,1
239,0.8301,2.8329,1.0877,3.337,17,3,5000000,4,0,0,0,0,1,0,0,0,1,0,0,0,0,0,0,1,1,0,0,0,1.6667,1,6,7,1
240,0.0,0.6247,0.0,1.663,11,2,3700000,3,1,0,0,0,0,0,0,1,0,0,0,0,0,0,1,0,0,0,0,0,3.0,0,2,3,0
241,1.2137,3.0082,4.224681777108184,4.684807362207948,4,2,7000000,0,1,0,0,0,0,0,0,0,0,0,0,0,0,0,0,0,1,0,0,0,2.0,0,1,4,0
242,1.2466,2.1616,2.0,3.8137,14,2,32000000,4,0,0,1,0,0,0,0,0,0,0,0,0,0,1,0,0,1,1,0,0,3.5,1,8,9,0
243,0.7123,4.2301,2.6685,3.0575,8,3,7900000,2,0,0,1,0,0,0,0,0,1,0,0,0,0,0,0,0,1,0,0,0,2.0,0,8,9,1
244,0.6685,6.2795,2.7945,7.4493,16,5,80000000,3,1,0,0,0,0,0,0,0,0,0,0,0,0,1,0,1,1,1,1,1,2.25,1,2,3,1
245,4.8247,4.8247,0.2466,0.2466,1,1,5000000,1,0,0,0,1,0,0,1,0,0,0,0,0,0,0,1,0,0,0,0,0,1.0,1,0,6,0
246,1.0,3.1863,2.4301,7.6247,5,2,2100000,3,0,0,0,0,1,0,0,0,0,0,0,0,0,1,0,1,1,0,0,0,1.5,1,9,1,1
247,0.2055,4.3973,3.4164,3.4164,6,4,22250000,1,0,0,0,0,1,0,0,1,0,0,0,0,0,0,0,0,1,1,1,1,2.5,1,6,7,1
248,0.5397,1.5014,0.0,2.2082,6,2,1975000,2,0,0,0,0,1,0,0,1,0,0,0,0,0,0,1,1,0,0,0,0,3.0,0,9,0,1
249,0.0,0.0,3.5918,4.3260000000000005,0,1,1000000,2,0,1,0,0,0,1,0,0,0,0,0,0,0,0,0,1,0,0,0,0,1.0,1,7,8,1
250,2.3452,2.3452,3.293572137382526,3.652287157054079,0,1,35000000,0,0,0,0,0,1,0,0,0,0,0,0,0,0,1,0,0,0,0,1,0,1.0,0,7,7,0
251,0.0822,4.3260000000000005,3.663,5.6110000000000015,12,7,88651133,5,0,1,0,0,0,0,1,0,0,0,0,0,0,0,1,1,1,1,1,1,3.1667,1,3,2,1
252,5.5945,5.5945,7.856852005196376,8.712570569733517,3,1,26000000,0,0,0,1,0,0,0,0,0,0,0,0,0,0,1,1,0,0,0,0,0,2.0,1,9,9,1
253,0.6712,0.6712,0.0,0.7562,3,1,100000,2,1,0,0,0,0,0,0,0,0,1,0,0,0,0,0,1,0,0,0,0,1.0,0,1,5,0
254,1.0,1.0,3.811,4.9178,6,1,5000000,3,0,0,0,0,1,0,1,0,0,0,0,0,0,0,0,0,1,0,0,0,1.0,1,6,5,1
255,6.8356,8.3096,11.669907484561588,12.94091990459516,5,2,7300000,0,0,0,0,0,1,0,0,0,0,0,0,1,0,0,1,0,1,0,0,0,3.0,1,1,7,0
256,2.0027,6.2274,4.0027,10.7616,8,3,64080000,2,1,0,0,0,0,0,0,0,0,0,0,1,0,0,0,0,1,1,1,0,4.0,1,2,3,1
257,1.3425,1.726,0.0,1.7205,8,2,5800000,2,0,0,0,0,1,0,0,1,0,0,0,0,0,0,0,1,1,0,0,0,4.0,1,9,9,1
258,4.0027,5.7534,5.9233,6.0,6,4,89500000,2,1,0,0,0,0,0,0,0,0,0,0,0,0,1,0,0,0,1,1,0,1.0,1,5,1,0
259,0.5808,5.2521,3.0877,4.1699,11,4,23350000,2,1,0,0,0,0,0,0,0,0,1,0,0,0,0,0,1,1,1,0,0,3.0,1,5,0,1
260,3.6877,5.9644,8.376335347179063,9.288632747541083,7,2,13500000,0,0,0,1,0,0,0,0,0,0,0,0,0,0,0,1,0,0,0,1,0,2.5,1,8,9,1
261,7.3534,8.126,11.0329,11.0575,13,2,24500000,2,0,0,1,0,0,0,0,0,0,0,0,0,0,1,0,0,0,0,0,0,5.5,1,9,9,1
262,3.6027,3.6027,3.0027,3.0027,2,1,10000000,1,1,0,0,0,0,0,0,0,0,0,0,0,0,1,0,0,0,0,1,0,4.0,1,3,2,0
263,0.0,0.0,0.0,0.0,3,1,8500000,0,0,0,0,0,1,0,0,0,0,0,0,0,0,1,1,0,0,0,0,0,1.0,0,8,5,0
264,16.4192,16.4192,23.05893724974892,25.570370667364116,0,1,6000000,0,0,0,0,1,0,0,0,0,0,0,0,0,0,1,0,0,0,1,0,0,3.0,0,0,6,0
265,1.337,1.337,1.3479,1.3479,3,1,2000000,1,1,0,0,0,0,0,0,0,0,0,0,0,0,0,0,0,1,0,0,0,2.0,1,3,2,1
266,1.1123,1.937,0.0,1.1123,3,2,4100000,2,0,0,0,1,0,0,0,1,0,0,0,0,0,0,0,0,1,0,0,0,1.5,1,0,6,1
267,0.3699,0.3699,1.9507,8.3178,5,1,6200000,4,1,0,0,0,0,0,0,0,0,0,0,0,0,1,0,0,1,0,0,0,2.0,1,2,3,1
268,4.0877,5.5753,4.0027,4.0027,8,2,12250000,1,1,0,0,0,0,0,0,0,1,0,0,0,0,0,0,0,0,1,1,0,2.5,1,4,0,1
269,3.3945,5.0712,5.7233,8.7342,3,2,11725600,2,1,0,0,0,0,0,1,0,0,0,0,0,0,0,0,0,1,1,0,0,2.0,1,4,0,1
270,4.3151,5.8301,8.187725958619248,9.079481218804785,1,2,16000000,0,0,0,1,0,0,0,0,0,0,0,0,0,0,0,0,0,1,1,0,0,3.0,1,9,9,0
271,2.4767,4.3836,3.3945,4.9863,10,3,5056559,2,0,0,0,0,1,0,1,0,0,0,0,0,0,0,1,0,1,0,0,0,1.6667,1,9,1,1
272,0.4137,0.4137,6.8329,8.874,9,1,100000,3,1,0,0,0,0,1,0,0,0,0,0,0,0,0,0,1,0,0,0,0,1.0,1,5,1,1
273,2.3342,6.9671,4.0027,8.3014,11,3,68200000,3,1,0,0,0,0,0,0,0,0,0,0,0,0,1,1,1,0,0,0,0,4.0,1,4,0,1
274,4.0877,9.3068,6.0027,6.0027,5,3,33000000,1,1,0,0,0,0,0,0,1,0,0,0,0,0,0,1,0,0,1,0,1,3.6667,1,5,2,1
275,1.7863,3.3014,2.0822,2.3288,8,3,3352194,2,0,0,0,0,1,0,0,0,0,0,0,0,0,1,0,1,1,0,0,0,9.5,0,1,7,0
276,1.4082,1.9068,0.0,1.8384,5,2,2212000,2,0,1,0,0,0,0,0,0,0,0,0,0,0,1,0,1,1,0,0,0,3.0,1,7,8,1
277,5.9014,7.2904,10.23855462663038,11.35367315784882,1,4,19800000,0,1,0,0,0,0,0,0,0,0,0,0,1,0,0,1,0,0,0,0,1,5.0,1,3,2,1
278,0.8301,1.0986,1.1014,1.1616,6,2,4500000,2,1,0,0,0,0,1,0,0,0,0,0,0,0,0,0,1,1,0,0,0,3.0,1,4,1,0
279,4.0027,4.0055,4.0027,4.0027,2,2,14000000,1,0,0,1,0,0,0,0,0,0,0,0,0,0,0,1,0,0,1,0,0,1.5,1,8,9,1
280,0.0548,0.0548,0.0685,0.4,4,1,100000,2,0,0,0,0,1,0,0,0,0,0,0,0,0,1,0,1,0,0,0,0,1.0,0,0,7,0
281,2.3562,3.4274,3.0027,5.3425,4,2,9900000,2,1,0,0,0,0,0,0,0,0,0,0,0,0,0,0,0,1,1,0,0,2.0,1,2,2,1
282,0.0,5.063,5.0055,5.7945,10,3,7600000,2,1,0,0,0,0,0,0,0,1,0,0,0,0,0,0,0,1,1,0,0,5.0,1,4,0,1
283,0.0,0.0,0.737,0.737,2,1,50000,1,1,0,0,0,0,0,0,0,0,1,0,0,0,0,0,1,0,0,0,0,2.0,0,1,4,0
284,0.0,0.0,0.0,0.0,3,1,650000,0,1,0,0,0,0,0,0,0,0,0,0,0,0,1,0,1,0,0,0,0,1.0,0,3,2,0
285,0.9178,2.7288,2.4164,2.7288,8,3,10500000,3,1,0,0,0,0,0,1,0,0,0,0,0,0,0,1,0,1,1,0,0,2.0,1,1,4,0
286,0.4712,0.4712,0.0,0.9178,12,1,500000,2,1,0,0,0,0,1,0,0,0,0,0,0,0,0,0,1,0,0,0,0,1.0,0,1,4,1
287,1.9342,4.0438,2.0027,10.189,2,2,24300000,3,1,0,0,0,0,1,0,0,0,0,0,0,0,0,0,0,0,1,1,0,2.5,1,2,3,1
288,7.4904,7.874,7.0055,7.0055,6,2,18000000,1,1,0,0,0,0,0,0,0,0,0,0,0,0,1,1,0,0,1,0,0,4.0,1,2,4,0
289,0.6548,3.5452,3.8438,6.5589,27,3,26000000,5,1,0,0,0,0,0,0,0,0,0,0,0,0,1,0,0,1,1,1,0,3.6667,1,5,1,1
290,2.2466,5.0356,7.071939218405017,7.842170052900187,2,2,9500000,0,1,0,0,0,0,0,0,0,0,0,0,0,0,1,1,0,0,1,0,0,3.0,1,2,3,0
291,7.3151,7.3151,5.0055,5.0055,6,1,16980999,1,0,0,0,0,1,0,0,0,0,0,0,1,0,0,0,0,0,1,0,0,1.0,1,6,7,1
292,1.0027,1.0027,1.1644,3.5699,2,1,5000000,2,1,0,0,0,0,0,0,0,0,1,0,0,0,0,0,0,1,0,0,0,3.0,0,3,3,0
293,1.6712,1.6712,2.347014223091283,2.602636149099768,3,1,350000,0,0,0,0,0,1,0,0,0,0,0,0,0,0,1,1,0,0,0,0,0,1.0,0,9,5,0
294,1.2384,4.9726,1.0,1.0,1,5,13130000,1,0,0,1,0,0,1,0,0,0,0,0,0,0,0,1,0,1,0,0,0,2.0,1,9,9,0
295,2.8247,2.8247,0.0,2.8219,1,1,20000000,2,0,0,0,0,1,0,0,0,0,0,0,0,0,0,0,0,1,0,0,0,1.0,0,6,5,0
296,0.5014,3.2959,2.0685,6.9973,18,3,26500000,4,0,0,1,0,0,0,1,0,0,0,0,0,0,0,1,0,1,1,0,0,2.0,1,8,9,1
297,3.6986,4.1041,5.7637512404194196,6.391502524844638,4,2,15000000,0,0,0,1,0,0,0,0,1,0,0,0,0,0,0,0,0,0,1,0,0,5.0,1,8,9,1
298,4.3041,4.3041,6.044628959793676,6.702971666670843,0,1,2600000,0,0,0,0,0,1,0,0,0,0,0,0,0,0,1,0,0,1,0,0,0,1.0,0,6,7,0
299,2.3973,6.0329,8.472535966064745,9.395310928616558,1,4,21470000,0,1,0,0,0,0,0,0,0,0,0,0,0,0,1,0,0,1,1,0,0,3.5,1,3,4,0
300,0.0,0.0,0.274,0.863,5,1,20000,2,0,0,0,1,0,0,1,0,0,0,0,0,0,0,0,1,0,0,0,0,1.0,0,0,6,0
301,1.9151,2.5808,2.0,6.9178,10,2,3600000,3,1,0,0,0,0,1,0,0,0,0,0,0,0,0,0,1,1,0,0,0,1.0,0,2,3,0
302,0.8329,7.2521,8.0055,8.4,23,7,27300000,4,0,1,0,0,0,0,0,0,0,1,0,0,0,0,0,1,1,1,1,1,2.0,1,7,7,1
303,0.5863,0.5863,1.0493,1.0493,8,1,2600000,1,1,0,0,0,0,0,0,0,0,0,1,0,0,0,0,0,1,0,0,0,2.0,0,4,0,1
304,0.8027,0.8027,0.0,1.411,5,1,5000000,2,1,0,0,0,0,1,0,0,0,0,0,0,0,0,0,0,1,0,0,0,1.0,1,3,2,0
305,4.7589,6.2247,3.6685,6.2247,2,2,17000000,2,1,0,0,0,0,0,1,0,0,0,0,0,0,0,0,0,1,1,0,0,3.5,1,0,5,1
306,4.3699,4.3699,6.1370377294678065,6.8054450143316645,0,1,662000,0,0,0,0,0,1,0,0,0,0,0,0,0,0,1,0,0,1,0,0,0,3.0,0,9,9,0
307,0.0,1.0247,2.0055,2.7315,12,2,3750000,2,0,1,0,0,0,0,0,0,0,0,0,0,0,1,0,1,1,0,0,0,4.0,1,7,7,1
308,0.9726,6.7534,5.2466,9.1534,57,4,45000000,8,1,0,0,0,0,0,0,0,0,0,0,0,0,1,0,0,1,1,1,1,4.6667,1,4,1,1
309,3.8849,5.863,2.8356,6.1123,9,2,6700000,4,0,1,0,0,0,0,0,0,0,0,0,0,0,1,1,0,0,0,0,0,8.0,1,7,8,1
310,0.1753,3.8795,2.0,4.474,12,3,20750000,2,1,0,0,0,0,0,0,0,0,0,0,0,0,1,1,0,1,1,0,0,2.3333,1,3,1,1
311,1.1616,7.5041,10.538672469781773,11.686477935890121,5,4,19000000,0,1,0,0,0,0,0,0,0,0,1,0,0,0,0,0,0,1,1,1,0,2.0,1,5,1,1
312,0.0,0.6658,0.9350419277968981,1.036880773139436,20,3,22500000,0,1,0,0,0,0,0,0,0,0,0,0,0,0,1,1,0,1,0,0,0,4.0,1,4,1,1
313,0.5041,3.0986,2.2384,3.7562,10,3,7300000,3,1,0,0,0,0,0,0,0,1,0,0,0,0,0,0,1,1,1,0,0,2.0,1,5,1,1
314,0.7479,7.8247,4.3151,5.9041,16,7,26390819,3,0,0,0,0,1,1,0,0,0,0,0,0,0,0,1,0,1,1,0,0,1.3333,1,6,5,0
315,4.4959,4.4959,6.313990692673587,7.001670573682173,4,1,10000000,0,0,0,0,0,1,0,0,0,0,0,0,0,0,0,0,0,0,0,1,0,3.0,1,9,3,1
316,0.0849,0.0849,0.0,0.0,1,1,31000,1,0,1,0,0,0,1,0,0,0,0,0,0,0,0,0,1,0,0,0,0,2.0,0,7,7,0
317,1.7479,2.7288,1.7479,6.1452,16,3,21500000,4,1,0,0,0,0,0,1,0,0,0,0,0,0,0,0,0,1,1,0,0,3.3333,1,3,2,1
318,4.8521,4.8521,6.5863,6.5863,5,1,4000000,1,0,0,0,0,1,0,0,0,0,0,0,0,0,1,0,0,0,0,0,0,5.0,1,6,5,1
319,0.5041,3.7068,2.9863,4.0219,5,3,9400000,4,1,0,0,0,0,0,0,0,0,1,0,0,0,0,1,0,1,1,0,0,4.0,1,0,5,1
320,0.0411,2.1288,1.7562,4.874,9,3,5600000,4,0,1,0,0,0,1,0,0,0,0,0,0,0,0,0,0,1,1,0,0,2.0,1,2,3,1
321,2.0027,3.0466,3.5836,5.4767,9,2,6000000,2,1,0,0,0,0,0,0,0,0,0,0,0,0,1,0,0,1,1,0,0,2.5,1,5,1,1
322,2.137,10.1288,10.4164,12.1863,35,4,60704370,3,0,0,0,0,1,0,0,0,0,0,0,0,0,1,1,0,0,1,0,1,2.0,1,0,7,1
323,0.7534,3.0712,3.9178,4.5041,16,3,2000000,2,1,0,0,0,0,0,0,0,0,0,0,0,0,1,0,1,0,0,0,0,3.6667,1,5,1,1
324,0.4548,0.7041,0.5808,1.737,5,2,1000000,3,1,0,0,0,0,0,0,0,0,0,0,0,0,1,1,0,1,0,0,0,5.5,1,4,1,1
325,1.126,1.4055,0.7918,1.3973,3,2,200000,2,0,0,0,0,1,0,0,0,0,1,0,0,0,0,0,1,1,0,0,0,2.0,1,6,7,0
326,1.8658,1.8658,0.0,1.863,2,1,2300000,2,1,0,0,0,0,0,0,0,0,0,0,0,0,1,0,0,1,0,0,0,2.0,1,4,0,0
327,2.2164,2.2164,0.7479,3.4164,5,1,1000000,4,1,0,0,0,0,0,1,0,0,0,0,0,0,0,0,0,1,0,0,0,1.0,1,5,0,0
328,0.8356,5.7534,4.9781,7.0301,13,5,24750000,3,1,0,0,0,0,0,0,0,0,0,0,0,0,1,1,1,1,1,0,0,2.4,1,5,1,1
329,2.5534,6.3945,6.6356,6.6356,15,2,12800000,1,0,0,0,0,1,0,0,0,0,0,0,0,0,0,0,0,1,1,0,0,2.0,1,8,6,0
330,4.2384,6.5753,7.0027,7.0027,10,2,30500000,1,1,0,0,0,0,0,0,1,0,0,0,0,0,0,0,0,0,0,0,1,4.5,1,3,3,1
331,5.5671,8.5342,5.6055,7.8384,3,3,36300000,2,1,0,0,0,0,0,0,0,0,0,0,0,0,1,1,0,0,0,1,0,1.5,1,0,5,0
332,2.1726,3.0849,3.0877,4.7753,7,3,6693782,3,1,0,0,0,0,0,0,0,0,0,0,0,0,1,1,0,0,0,0,0,1.6667,1,4,0,1
333,11.4329,11.4329,16.056234389169656,17.80497775792409,1,1,20000000,0,1,0,0,0,0,0,0,0,0,0,0,0,0,1,0,0,0,0,1,0,5.0,1,0,5,0
334,3.4767,3.4767,3.6849,5.6274,8,1,11370000,3,1,0,0,0,0,0,0,0,0,0,0,0,0,1,0,0,1,0,0,0,2.0,1,1,3,1
335,0.5863,2.6384,3.5425,6.0712,13,3,16500000,4,1,0,0,0,0,1,0,0,0,0,0,0,0,0,0,0,1,1,1,0,1.3333,1,1,4,1
336,0.0,0.0,3.411,3.411,3,1,250000,1,1,0,0,0,0,0,0,0,0,0,0,0,0,1,0,1,0,0,0,0,3.0,0,5,1,0
337,0.5041,3.3562,3.4219,7.2274,9,5,14400000,5,0,1,0,0,0,1,0,0,0,0,0,0,0,0,0,1,1,1,0,0,5.8,1,7,8,1
338,0.0,3.9562,4.7616,5.1507,24,5,90000000,3,0,1,0,0,0,0,0,1,0,0,0,0,0,0,1,0,1,1,1,1,3.8,1,8,8,1
339,1.0164,7.1534,5.6959,8.1781,10,4,13075000,2,1,0,0,0,0,0,0,0,1,0,0,0,0,0,0,0,1,1,0,0,4.0,1,5,0,1
340,0.0,0.0,0.0,5.7699,10,2,26000000,4,1,0,0,0,0,0,0,0,0,1,0,0,0,0,0,0,1,0,1,0,2.5,1,2,3,1
341,3.1616,3.6904,3.0027,4.5041,6,2,16300000,2,0,0,1,0,0,0,0,1,0,0,0,0,0,0,0,0,0,1,0,0,2.0,1,9,9,1
342,4.4521,7.2274,7.0055,7.0055,5,2,5992316,1,0,0,0,1,0,0,0,1,0,0,0,0,0,0,1,0,1,0,0,0,2.0,0,0,6,1
343,3.0575,5.011,7.037391258921984,7.803859348455564,2,4,89400001,0,1,0,0,0,0,0,0,0,0,0,0,1,0,0,1,0,1,1,0,0,4.3333,1,0,5,1
344,0.8027,0.8027,5.3151,5.3151,4,1,1200000,1,1,0,0,0,0,0,0,0,0,0,0,0,0,0,0,0,1,0,0,0,1.0,0,3,3,0
345,1.1836,1.3781,1.3288,3.1096,7,2,1900000,2,0,1,0,0,0,1,0,0,0,0,0,0,0,0,0,1,1,0,0,0,2.5,1,7,8,0
346,9.3534,12.4055,7.0055,11.3836,9,3,30300000,2,1,0,0,0,0,0,0,0,0,1,0,0,0,0,1,0,0,0,0,1,4.5,1,4,0,0
347,2.0027,2.0027,2.812569042954112,3.118896251676703,4,1,500000,0,0,1,0,0,0,1,0,0,0,0,0,0,0,0,0,1,0,0,0,0,5.0,0,7,8,0
348,0.0,6.9671,6.4247,7.3562,19,5,74000000,2,1,0,0,0,0,0,0,0,0,0,0,0,0,1,0,1,1,1,1,1,1.75,1,1,4,1
349,7.1205,7.1205,9.999949004021948,11.08908012186746,3,1,18800000,0,0,0,0,1,0,0,0,0,0,0,0,0,0,1,0,0,0,0,1,0,7.0,1,0,6,1
350,0.3288,0.3288,0.0,0.0,3,1,20000,1,0,0,0,0,1,1,0,0,0,0,0,0,0,0,0,1,0,0,0,0,1.0,0,9,6,0
351,0.1616,2.1781,1.5096,2.1781,3,4,3350000,2,0,0,0,0,1,0,1,0,0,0,0,0,0,0,0,1,1,1,0,0,1.5,0,6,7,1
352,5.0192,5.0192,7.048907245416328,7.816629583270438,1,1,26100000,0,0,0,0,0,1,0,0,0,0,0,0,1,0,0,1,0,0,0,0,0,2.0,1,8,7,1
353,1.411,2.5151,3.5321777599909563,3.9168801930354396,0,2,1213066,0,0,0,0,0,1,0,0,1,0,0,0,0,0,0,1,0,0,0,0,0,1.0,1,6,7,0
354,0.8438,4.2219,0.7616,4.9288,18,3,24030000,3,1,0,0,0,0,0,0,0,1,0,0,0,0,0,0,0,1,1,0,0,3.6667,1,3,2,1
355,0.4986,3.4247,1.9863,5.9616,14,3,13100000,5,1,0,0,0,0,0,0,0,0,0,0,0,0,1,0,1,0,1,1,0,1.6667,1,4,1,1
356,0.0822,1.7671,0.3014,5.0082,6,3,560001,5,0,1,0,0,0,0,0,0,0,0,0,0,0,0,1,1,0,0,0,0,3.5,1,8,8,1
357,2.8493,2.8493,2.9068,4.1918,7,1,3500000,3,0,0,0,0,1,0,0,1,0,0,0,0,0,0,0,0,1,0,0,0,2.0,1,9,6,1
358,0.1616,7.5041,7.0521,8.6192,45,7,121500000,3,0,0,1,0,0,0,1,0,0,0,0,0,0,0,1,0,1,1,1,1,4.5,1,8,9,1
359,0.9726,3.8438,2.0,2.0,18,4,42500000,1,1,0,0,0,0,0,1,0,0,0,0,0,0,0,1,0,1,1,1,0,2.5,1,3,4,1
360,5.4384,6.4192,6.0055,6.0055,26,2,36000000,1,0,0,0,0,1,0,0,0,0,0,0,0,0,0,1,0,0,0,0,1,3.5,1,1,7,1
361,2.5973,2.5973,2.9178,5.4822,7,1,12170000,2,1,0,0,0,0,0,0,1,0,0,0,0,0,0,0,0,0,0,1,0,3.0,1,5,1,0
362,5.7534,5.7534,8.0055,9.8356,4,1,1000000,2,0,1,0,0,0,0,0,0,0,0,0,0,0,0,0,0,1,0,0,0,3.0,1,7,8,1
363,3.337,3.937,0.0,4.7205,5,3,1820000,4,1,0,0,0,0,0,1,0,0,0,0,0,0,0,0,1,0,0,0,0,1.0,0,6,7,1
364,4.6,9.4164,5.2575,9.7753,19,4,5700000000,2,0,0,0,0,1,0,1,0,0,0,0,0,0,0,0,0,0,0,0,0,4.25,1,0,6,1
365,6.9699,6.9699,0.0849,11.9699,6,1,5000000,2,0,0,0,1,0,0,0,0,0,0,0,0,0,1,0,0,0,0,1,0,5.0,1,0,6,1
366,0.8384,1.4055,1.6356,1.6356,4,2,18800000,1,0,1,0,0,0,0,0,0,0,0,0,0,0,1,0,0,1,1,0,0,2.5,1,7,8,1
367,2.3452,3.3534,4.7094767207481505,5.222403100999978,3,2,72300000,0,1,0,0,0,0,0,0,0,1,0,0,0,0,0,0,0,0,1,1,0,4.5,1,2,3,1
368,0.0,3.1452,0.0,4.4082,3,3,1310000,4,1,0,0,0,0,0,0,0,0,0,0,0,0,1,0,1,0,0,0,0,1.0,0,0,5,1
369,2.4164,4.7753,4.0027,4.0027,2,2,15000000,1,0,0,1,0,0,0,0,0,0,0,0,0,0,0,0,0,1,1,0,0,2.5,1,9,9,0
370,2.2521,4.7397,5.3370000000000015,7.274,22,3,39007789,5,0,1,0,0,0,0,0,1,0,0,0,0,0,0,0,0,1,1,1,0,3.0,1,8,8,1
371,2.0685,2.0685,0.0,0.0,3,1,25000000,1,0,0,1,0,0,0,0,0,0,0,0,0,0,0,0,0,0,0,0,1,5.0,1,9,9,1
372,0.3288,2.0932,1.3288,2.7534,4,3,172500,2,0,0,1,0,0,1,0,0,0,0,0,0,0,0,0,1,0,0,0,0,1.0,0,8,9,1
373,1.6658,2.1123,2.3041,3.5507,23,2,6100000,2,0,1,0,0,0,0,0,0,0,0,0,0,0,1,0,0,1,1,0,0,1.0,1,7,8,1
374,2.2192,7.9315,1.6685,9.0904,7,3,40300000,5,1,0,0,0,0,0,1,0,0,0,0,0,0,0,1,0,0,1,1,0,4.0,1,5,0,1
375,0.3616,0.3616,0.3753,0.5425,9,1,100000,3,1,0,0,0,0,0,0,0,0,0,1,0,0,0,0,1,0,0,0,0,1.0,0,1,5,0
376,0.3342,5.4904,2.7507,5.589,14,5,19389998,2,0,0,0,0,1,0,0,0,0,0,0,0,0,1,1,0,1,1,1,0,1.5,1,9,2,1
377,2.4822,4.8192,5.5863,11.9452,21,2,61500000,3,1,0,0,0,0,0,0,0,0,0,0,0,0,1,0,0,0,1,0,1,4.0,1,4,0,1
378,3.4411,3.4411,4.0027,5.7178,6,1,6000000,2,1,0,0,0,0,0,0,0,0,0,0,0,0,0,0,0,1,0,0,0,2.0,1,4,0,1
379,0.0,5.0055,4.9507,7.3726,23,4,19100000,6,0,0,1,0,0,0,1,0,0,0,0,0,0,0,0,0,1,1,1,0,2.5,1,8,9,1
380,0.2219,2.0548,0.0411,3.9178,8,4,3499997,3,0,1,0,0,0,0,0,0,1,0,0,0,0,0,1,0,1,0,0,0,1.5,1,8,8,1
381,1.2521,1.874,4.7178,5.0959,13,3,2600000,2,1,0,0,0,0,0,0,0,0,0,0,0,0,1,0,1,1,0,0,0,3.6667,1,3,2,1
382,0.0,1.1479,3.0603,3.7479,14,3,2023000,2,1,0,0,0,0,1,0,0,0,0,0,0,0,0,0,1,1,0,0,0,1.3333,1,4,0,1
383,5.1068,5.1068,7.171931686502252,7.953053067390316,3,1,25000000,0,1,0,0,0,0,0,0,0,0,0,0,0,0,1,1,0,0,0,0,0,4.0,1,0,5,1
384,0.7205,3.5945,2.8384,4.0192,17,4,66000000,4,1,0,0,0,0,0,0,0,0,0,0,0,0,1,1,0,1,1,1,0,2.3333,1,1,4,1
385,1.4192,1.4466,1.663,1.663,5,2,1000000,1,0,1,0,0,0,0,0,0,1,0,0,0,0,0,0,1,0,0,0,0,3.5,0,7,8,1
386,1.3288,2.063,3.2493,3.7836,11,2,13000000,2,1,0,0,0,0,0,1,0,0,0,0,0,0,0,0,0,1,1,0,0,3.0,1,3,2,1
387,7.6932,14.0329,12.5041,14.0329,3,3,24150000,2,0,0,1,0,0,0,0,0,0,0,0,0,0,0,1,0,1,1,0,0,2.3333,1,8,9,0
388,5.8411,8.2219,11.546742604615977,12.80434068590437,4,3,47218498,0,1,0,0,0,0,0,0,0,0,0,0,0,0,1,1,0,0,0,1,1,3.3333,1,2,3,0
389,3.6137,4.3753,0.0,7.9178,1,2,11800000,2,0,0,1,0,0,0,0,0,0,0,0,0,0,1,0,0,0,0,1,1,4.5,1,8,9,1
390,1.5973,2.1781,0.0822,0.0822,2,2,2387481,1,0,0,0,0,1,0,0,0,0,0,0,0,0,1,1,0,0,0,0,0,1.0,1,1,5,0
391,0.8356,7.5863,11.589,13.5863,35,4,33000000,5,0,0,1,0,0,0,0,0,0,0,0,0,1,0,1,0,1,1,1,0,2.5,1,8,9,1
392,2.6712,3.8822,4.0027,7.3205,4,2,7500000,3,0,0,0,0,1,0,0,0,0,0,0,0,0,0,0,0,1,1,0,0,1.5,1,6,7,1
393,6.7479,6.7479,4.0027,4.0027,3,1,25000000,1,1,0,0,0,0,0,0,0,0,0,0,1,0,0,0,0,0,0,1,0,1.0,1,2,4,1
394,3.7096,8.9562,4.0027,4.0027,7,4,25305000,1,1,0,0,0,0,0,0,0,0,0,0,0,0,0,1,0,1,1,1,0,2.0,1,2,4,1
395,0.8356,1.8986,2.3014,3.8356,21,2,4950000,3,1,0,0,0,0,1,0,0,0,0,0,0,0,0,0,1,1,0,0,0,12.5,1,3,2,1
396,2.2712,6.3781,8.95733090970471,9.932906667408588,8,6,53816776,0,1,0,0,0,0,0,0,0,0,0,0,0,0,0,1,0,0,1,1,1,5.0,1,2,4,1
397,0.0,0.9151,2.674,8.3836,15,2,3500000,4,0,1,0,0,0,1,0,0,0,0,0,0,0,0,0,0,1,1,0,0,5.5,1,5,0,1
398,5.0767,5.0767,4.7562,6.0466,7,1,5000000,2,1,0,0,0,0,0,0,1,0,0,0,0,0,0,0,0,1,0,0,0,1.0,0,2,3,1
399,0.0,2.5397,3.7699,5.9233,9,3,2515000,3,1,0,0,0,0,0,0,0,0,0,0,0,0,1,1,1,1,0,0,0,1.6667,1,2,3,1
400,1.0849,2.4986,2.5205,5.0192,10,2,8400000,3,0,0,1,0,0,1,0,0,0,0,0,0,0,0,0,0,1,1,0,0,2.0,1,9,9,1
401,2.5836,4.0027,2.0301,4.6164,5,2,4900000,3,1,0,0,0,0,0,1,0,0,0,0,0,0,0,0,0,1,1,0,0,1.0,1,1,4,0
402,4.2959,4.2959,5.0027,5.0027,3,1,5000000,1,0,0,0,0,1,0,0,0,0,0,0,0,0,0,1,0,0,0,0,0,5.0,1,9,2,0
403,4.4904,4.4904,6.3062665553907955,6.993105172281953,2,1,11000000,0,0,1,0,0,0,0,0,0,0,0,0,0,0,1,0,0,0,0,1,0,3.0,1,8,8,1
404,1.0027,8.2548,11.592946989453042,12.85557735973478,6,4,68400000,0,1,0,0,0,0,0,1,0,0,0,0,0,0,0,1,0,1,0,1,1,4.0,1,2,4,1
405,3.0877,4.2795,3.6356,4.6685,7,2,2000000,2,1,0,0,0,0,0,0,0,0,0,0,0,0,0,0,1,1,0,0,0,8.5,1,4,0,1
406,0.6685,1.926,0.0,0.0,2,2,10800000,1,0,1,0,0,0,0,0,1,0,0,0,0,0,0,1,0,1,0,0,0,2.0,1,7,8,0
407,0.0,5.2329,5.7616,7.4877,31,5,37000000,3,0,1,0,0,0,0,0,0,0,0,0,0,0,1,1,0,1,1,1,0,2.5,1,7,8,1
408,2.5233,2.5233,4.0027,9.8849,5,1,7660000,3,1,0,0,0,0,0,0,0,0,0,0,0,0,1,0,0,1,0,0,0,6.0,1,3,3,1
409,0.3397,5.2247,3.0,6.0329,5,4,48730000,3,0,0,1,0,0,0,0,0,0,0,0,0,0,0,1,0,1,1,1,0,3.0,1,9,9,1
410,0.0,1.4137,1.4137,1.4137,1,2,3350000,1,1,0,0,0,0,0,0,0,0,0,0,0,0,1,0,1,1,0,0,0,2.5,1,1,5,0
411,3.8767,7.1973,2.6658,7.1973,3,4,28000000,2,1,0,0,0,0,0,0,0,0,0,1,0,0,0,1,0,0,1,1,0,3.0,1,1,5,0
412,1.4959,1.4959,2.0849,2.0849,5,1,2500000,1,0,0,0,1,0,0,0,0,0,0,0,0,0,1,0,0,1,0,0,0,2.0,1,0,6,1
413,0.3315,1.1644,2.0795,9.3507,16,2,8000000,4,0,0,0,0,1,1,0,0,0,0,0,0,0,0,0,0,1,1,0,0,4.0,1,8,6,1
414,0.5836,1.6521,0.6329,4.263,6,2,540000,2,0,1,0,0,0,1,0,0,0,0,0,0,0,0,0,1,0,0,0,0,2.5,1,7,7,1
415,0.0,1.2466,1.0,5.4384,4,2,3100000,4,1,0,0,0,0,0,0,0,0,1,0,0,0,0,0,1,1,0,0,0,2.0,1,5,1,1
416,1.0904,2.326,2.8301,4.6904,8,2,1200000,2,0,1,0,0,0,0,1,0,0,0,0,0,0,0,0,1,1,0,0,0,6.0,1,7,8,1
417,0.0,0.0,0.1096,0.1096,2,1,5000000,1,0,1,0,0,0,0,0,0,0,1,0,0,0,0,0,0,1,0,0,0,2.0,0,8,8,0
418,0.6658,7.3753,2.3726,2.3726,6,6,37079000,1,1,0,0,0,0,0,0,0,0,0,0,0,0,1,1,0,0,0,1,1,3.8,1,5,1,1
419,4.3315,11.1699,8.7041,8.7068,3,4,135826373,2,0,0,1,0,0,0,0,0,0,0,0,0,0,1,0,0,0,1,0,1,4.3333,1,9,9,1
420,0.0,0.2301,0.32314981614008154,0.35834524767104875,5,2,5000000,0,1,0,0,0,0,0,1,0,0,0,0,0,0,0,1,1,0,0,0,0,1.0,1,0,5,0
421,0.2082,1.0849,0.1616,2.6521,3,4,4200000,3,0,1,0,0,0,0,0,0,0,0,0,0,0,0,0,1,1,0,0,0,3.0,1,7,7,1
422,3.5808,3.5808,0.0,7.5918,3,1,4100000,3,0,0,0,0,1,1,0,0,0,0,0,0,0,0,1,0,0,0,0,0,1.0,1,9,1,0
423,0.7726,0.7726,0.3123,1.1479,3,1,2000000,2,1,0,0,0,0,1,0,0,0,0,0,0,0,0,0,0,0,0,0,0,1.0,0,1,4,0
424,5.0027,5.0027,5.4986,5.4986,3,1,6500000,1,0,0,0,0,1,0,0,0,0,0,0,0,0,0,1,0,0,0,0,0,1.0,1,6,5,1
425,1.4521,1.4521,2.0393126815167855,2.2614217042291607,0,1,4000000,0,1,0,0,0,0,1,0,0,0,0,0,0,0,0,0,0,1,0,0,0,3.0,0,4,2,0
426,0.2466,1.0,1.1616,1.1616,3,5,185000,1,1,0,0,0,0,0,1,0,0,0,0,0,0,0,1,1,0,0,0,0,2.0,1,2,3,0
427,2.6959,2.6959,3.2192,4.0027,5,1,1300000,2,0,0,0,0,1,0,1,0,0,0,0,0,0,0,0,0,1,0,0,0,1.0,0,9,0,1
428,3.7945,3.7945,5.328952530828072,5.909348293297673,21,1,45000000,0,0,1,0,0,0,0,0,0,1,0,0,0,0,0,0,0,0,1,0,0,1.0,0,7,8,1
429,2.3041,2.3041,0.0,2.3589,4,1,2500000,3,0,0,1,0,0,0,0,0,0,0,0,0,0,1,0,0,1,0,0,0,2.0,1,8,9,1
430,0.5808,2.737,1.9151,4.6603,11,2,9200000,2,0,0,0,1,0,1,0,0,0,0,0,0,0,0,0,0,1,1,0,0,1.0,1,0,6,1
431,0.0,0.0,0.0,0.0,0,4,435953,0,1,0,0,0,0,1,0,0,0,0,0,0,0,0,0,1,0,0,0,0,1.0,0,1,4,0
432,0.0,0.0,0.0,0.863,9,2,55600000,2,0,0,0,0,1,0,0,0,0,0,0,0,0,1,0,0,1,1,0,0,2.0,0,9,9,0
433,6.263,6.263,1.0,1.0,2,1,10000000,1,0,0,0,0,1,0,0,0,0,0,0,0,0,0,1,0,0,0,0,0,1.0,0,6,5,1
434,0.8329,0.8329,0.6658,0.6658,3,1,12000,1,0,0,0,0,1,0,0,0,0,1,0,0,0,0,0,1,0,0,0,0,1.0,1,9,1,0
435,4.0301,4.0849,5.736786979359492,6.361601487229322,3,2,2257464,0,0,0,0,0,1,0,0,0,0,0,0,1,0,0,1,0,0,0,0,0,1.0,0,6,7,0
436,0.1671,0.5288,0.1671,2.4438,4,2,983000,2,0,1,0,0,0,0,0,0,0,0,0,0,0,1,0,1,0,0,0,0,6.0,1,7,8,1
437,1.4466,2.5068,2.5014,3.6411,15,2,41000000,2,1,0,0,0,0,0,0,0,0,0,0,0,0,1,0,0,0,1,1,0,1.5,1,1,5,1
438,3.6685,5.5589,7.806855771147759,8.657129062488453,0,3,9100000,0,0,0,0,1,0,0,0,0,0,0,0,0,0,0,1,0,0,1,1,0,1.0,0,0,6,0
439,2.4438,7.1973,0.0,6.8767,6,3,25500100,3,1,0,0,0,0,0,0,0,0,0,0,0,0,0,1,0,0,1,0,0,2.5,1,5,2,0
440,0.2959,0.2959,1.5863,1.6658,3,1,400000,2,1,0,0,0,0,1,0,0,0,0,0,0,0,0,0,1,0,0,0,0,1.0,1,4,0,1
441,4.737,8.3479,11.723695567821757,13.000566245254879,4,10,22165091,0,0,1,0,0,0,0,0,0,0,0,0,0,0,1,1,0,0,1,0,0,2.0,1,7,8,1
442,0.1671,0.1671,0.6712,3.3151,4,1,500000,2,1,0,0,0,0,0,0,0,0,0,0,0,0,1,0,0,1,0,0,0,4.0,1,4,0,1
443,0.6629999999999999,5.8849,6.211,8.6082,29,5,70000000,4,1,0,0,0,0,1,0,0,0,0,0,0,0,0,0,0,1,1,1,1,2.8,1,2,3,1
444,1.2603,3.1781,2.8411,2.8411,6,2,4700000,1,0,0,0,0,1,0,0,0,0,0,0,0,0,1,1,0,1,0,0,0,1.0,1,8,6,1
445,2.0055,2.0055,0.0,0.0,1,1,30000000,1,0,0,1,0,0,0,0,0,0,0,1,0,0,0,1,0,0,0,0,0,2.0,1,1,6,1
446,2.0658,9.3836,7.0055,7.0055,13,5,39000000,1,0,0,1,0,0,0,0,0,0,0,0,0,0,0,0,0,0,1,1,1,3.25,1,8,9,1
447,6.4356,9.0,10.0082,10.0082,10,3,32000000,1,1,0,0,0,0,0,0,0,0,0,0,0,0,1,0,0,0,0,0,1,3.0,1,2,4,1
448,0.1151,1.1507,1.616029958419782,1.79203770749707,7,3,42000000,0,0,0,1,0,0,0,0,0,1,0,0,0,0,0,0,0,1,1,1,0,2.6667,1,8,9,1
449,4.3726,9.3616,4.0027,9.3616,5,3,24510540,2,1,0,0,0,0,0,0,1,0,0,0,0,0,0,1,0,1,1,0,0,2.6667,1,0,5,1
450,5.6548,5.6548,7.941536637587713,8.806478515994117,0,1,2500000,0,1,0,0,0,0,0,0,0,0,0,0,0,0,0,1,0,0,0,0,0,2.0,1,3,2,0
451,3.6027,7.926,8.5945,9.1096,1,3,21460663,2,0,0,0,0,1,0,0,0,0,0,0,0,0,0,0,0,0,1,1,1,4.5,1,0,7,1
452,5.3507,5.3507,7.514462065279157,8.332889685847373,6,1,15000000,0,0,1,0,0,0,0,0,0,0,1,0,0,0,0,0,0,0,0,1,0,4.0,1,7,8,1
453,1.4137,4.2795,1.3288,5.1836,5,2,889999,2,1,0,0,0,0,0,1,0,0,0,0,0,0,0,1,1,0,0,0,0,3.5,1,4,0,0
454,4.2219,4.2219,3.0,3.0,6,1,16000000,1,1,0,0,0,0,0,0,0,0,0,0,0,0,0,0,0,0,1,0,0,3.0,1,4,2,1
455,2.4192,2.4192,2.5041,8.3973,5,1,7000000,4,1,0,0,0,0,1,0,0,0,0,0,0,0,0,0,0,0,1,0,0,2.0,1,4,0,1
456,0.7479,0.7479,1.0503422316000304,1.1647388558590932,3,2,100000,0,0,1,0,0,0,0,0,0,1,0,0,0,0,0,0,1,0,0,0,0,1.0,0,7,8,0
457,1.9041,1.9041,1.9041,4.0027,13,1,1500000,3,0,1,0,0,0,0,0,0,0,0,0,0,0,1,0,0,1,0,0,0,1.0,0,7,7,1
458,6.0356,6.0356,10.4959,12.6137,19,1,8000000,4,0,0,0,0,1,1,0,0,0,0,0,0,0,0,1,0,0,0,0,0,1.0,1,9,1,1
459,0.2521,0.7425,4.2082,6.3479,22,2,4000000,4,1,0,0,0,0,1,0,0,0,0,0,0,0,0,0,0,1,1,0,0,3.0,1,1,4,1
460,0.0164,0.0164,0.023031972988688993,0.025540469629748805,3,1,25000,0,1,0,0,0,0,1,0,0,0,0,0,0,0,0,0,1,0,0,0,0,1.0,0,4,0,0
461,2.4301,9.0055,8.5781,10.0137,10,6,64630000,3,1,0,0,0,0,0,1,0,0,0,0,0,0,0,1,0,0,1,1,0,3.6667,1,3,2,1
462,1.0,3.6493,3.4986,3.4986,10,2,12100000,1,1,0,0,0,0,1,0,0,0,0,0,0,0,0,0,0,1,1,0,0,1.0,1,8,7,0
463,4.2192,5.6110000000000015,5.0027,5.0027,9,2,20000000,1,1,0,0,0,0,0,0,0,0,0,0,0,0,0,0,0,0,0,1,1,4.5,1,4,0,1
464,2.0301,9.3808,9.0055,9.0055,10,4,49600000,1,0,0,0,1,0,0,0,0,0,0,0,0,0,1,0,0,0,1,1,0,2.6667,1,0,6,0
465,7.5123,9.9479,0.4164,0.4164,3,5,51450000,1,1,0,0,0,0,0,0,0,0,1,0,0,0,0,1,0,0,0,0,1,5.6667,1,1,4,1
466,0.0,2.5178,4.6904,4.6904,7,2,6300000,1,1,0,0,0,0,0,0,0,0,0,0,0,0,1,0,0,1,1,0,0,2.0,1,4,0,1
467,2.0,2.0,1.0274,3.1644,8,1,200000,3,0,1,0,0,0,0,1,0,0,0,0,0,0,0,0,1,0,0,0,0,2.0,1,7,8,0
468,0.0,0.0,0.0,0.0,2,1,20000,1,0,0,0,0,1,0,0,0,0,0,0,0,0,1,0,1,0,0,0,0,1.0,0,6,6,0
469,0.0,3.3945,6.9781,9.2192,13,2,11600000,3,0,0,1,0,0,0,0,0,0,0,0,0,0,1,0,0,1,0,1,0,2.0,1,9,9,1
470,0.1205,0.1205,0.0,5.263,6,1,9150000,2,1,0,0,0,0,1,0,0,0,0,0,0,0,0,0,0,1,0,0,0,2.0,1,2,3,1
471,0.2849,0.2849,0.0,0.2849,2,1,1200000,2,0,0,0,0,1,0,0,0,1,0,0,0,0,0,0,0,1,0,0,0,4.0,1,6,6,0
472,1.8301,1.8301,1.1616,1.1616,4,1,1700000,2,1,0,0,0,0,0,0,0,0,0,0,0,0,1,0,0,0,0,0,0,7.0,1,1,5,0
473,0.5808,2.5123,0.5918,4.9699,9,3,1415000,4,1,0,0,0,0,0,0,0,0,0,0,0,0,1,1,1,0,0,0,0,1.0,1,6,5,1
474,1.0849,3.1342,5.9178,7.9342,16,2,4200000,2,1,0,0,0,0,0,0,1,0,0,0,0,0,0,0,0,1,1,0,0,1.5,1,5,1,1
475,0.9151,1.6356,4.8521,6.0904,7,2,500000,2,0,0,1,0,0,1,0,0,0,0,0,0,0,0,0,1,1,0,0,0,2.0,0,8,9,1
476,5.9507,5.9507,8.357095223401926,9.267297111325988,1,1,21500000,0,0,0,0,1,0,0,0,0,0,0,0,0,0,1,0,0,0,0,1,0,4.0,1,0,6,1
477,0.0411,1.5863,2.2795,4.3918,4,2,10000000,2,0,0,0,0,1,1,0,0,0,0,0,0,0,0,0,0,1,0,0,0,2.0,0,6,5,1
478,1.0877,2.5616,4.0027,4.0027,7,2,9500000,1,1,0,0,0,0,0,0,0,0,0,0,0,0,0,0,0,1,1,0,0,2.5,1,1,5,0
479,2.9808,5.211,7.31826897829624,8.115328490281769,4,2,13875001,0,0,0,0,0,1,0,0,0,0,0,0,0,0,1,0,0,0,0,0,0,10.0,1,1,5,0
480,10.9068,10.9068,9.2548,9.2548,5,1,275000,1,0,0,0,0,1,0,0,0,0,0,0,0,0,0,0,1,0,0,0,0,2.0,0,6,7,0
481,0.0849,5.0356,1.8329,1.8329,10,3,19743770,1,1,0,0,0,0,0,0,0,0,0,0,0,0,0,0,0,0,1,1,0,2.5,1,3,2,1
482,2.0849,4.0192,2.5041,2.5041,5,5,1178000,1,0,0,1,0,0,0,0,0,0,0,0,0,0,0,0,1,0,0,0,0,5.0,1,8,9,1
483,0.7479,2.7945,2.0575,3.8356,5,3,25000000,2,1,0,0,0,0,0,0,0,0,0,0,0,0,1,0,0,1,1,0,0,2.0,1,3,2,1
484,1.5863,3.1808,4.467079248928167,4.953605231603963,1,3,24150000,0,0,0,0,0,1,0,0,0,0,0,0,0,0,1,1,0,1,1,0,0,2.0,1,7,7,1
485,1.7479,3.5452,2.0,2.0,4,2,80000000,1,1,0,0,0,0,0,1,0,0,0,0,0,0,0,0,0,1,1,0,0,1.0,0,2,3,0
486,1.4164,3.326,4.4192,9.8164,11,2,36000000,3,1,0,0,0,0,0,0,0,0,0,0,0,0,1,0,0,1,1,0,0,3.5,1,2,3,1
487,1.3973,1.3973,1.9623521864082394,2.1760791593687805,1,1,205000,0,0,0,0,0,1,0,0,0,0,0,0,0,0,1,0,1,0,0,0,0,1.0,0,6,6,0
488,0.0,4.211,6.4164,9.0658,27,4,28300000,4,1,0,0,0,0,1,0,0,0,0,0,0,0,0,0,0,1,1,1,1,2.5,1,2,3,1
489,0.0,0.0,0.8301,0.8301,1,1,2000000,1,1,0,0,0,0,1,0,0,0,0,0,0,0,0,0,0,0,0,0,0,1.0,0,4,1,0
490,0.7479,1.1616,2.4,8.8384,63,2,11500000,6,1,0,0,0,0,0,0,0,0,1,0,0,0,0,0,0,1,1,0,0,1.0,1,4,0,1
491,0.8904,0.8904,1.3288,2.526,15,1,4000000,2,0,1,0,0,0,0,1,0,0,0,0,0,0,0,0,0,1,0,0,0,3.0,1,7,8,0
492,0.7151,0.7151,0.7479,2.011,2,1,500000,2,0,1,0,0,0,0,0,0,0,0,1,0,0,0,0,1,0,0,0,0,1.0,1,7,8,0
493,0.7425,0.7425,1.1671,3.9151,9,1,4000000,2,0,0,0,1,0,0,0,0,0,0,0,0,0,1,0,0,1,0,0,0,2.0,1,0,6,0
494,0.0,2.4274,2.4274,2.4986,8,2,9030000,2,0,1,0,0,0,1,0,0,0,0,0,0,0,0,0,1,1,0,0,0,4.0,1,7,8,0
495,0.0658,4.3863,6.160069702456496,6.830985483961413,15,4,69900000,0,0,0,0,0,1,0,0,0,0,0,0,1,0,0,0,1,1,0,1,1,4.75,1,6,7,1
496,0.6658,0.6658,0.4192,0.4192,2,1,20000,1,1,0,0,0,0,0,0,0,0,0,0,0,0,1,0,1,0,0,0,0,1.0,0,1,4,0
497,3.6384,11.9041,10.9836,12.6822,29,7,238209999,3,0,0,0,0,1,0,0,0,0,0,0,0,0,0,1,0,0,0,0,0,2.0,1,6,6,1
498,3.1014,6.7342,4.0027,6.7342,3,3,14700000,2,0,0,1,0,0,0,0,0,0,0,0,0,0,1,1,0,0,1,0,0,1.0,0,9,9,1
499,0.0,0.8712,0.0,1.2137,4,3,430000,2,1,0,0,0,0,0,0,0,0,1,0,0,0,0,0,1,0,0,0,0,1.6667,0,3,2,1
500,1.337,1.4219,0.5863,0.5863,5,2,1015000,1,1,0,0,0,0,0,0,1,0,0,0,0,0,0,1,0,1,0,0,0,1.0,0,3,2,1
501,0.4438,0.4438,0.8192,0.8192,2,1,1200000,1,1,0,0,0,0,1,0,0,0,0,0,0,0,0,1,0,0,0,0,0,2.0,1,3,2,0
502,1.8301,3.3288,3.274,7.6274,16,2,17100000,4,0,0,0,0,1,1,0,0,0,0,0,0,0,0,0,0,1,1,0,0,2.5,1,6,7,1
503,4.6767,4.6767,5.9671,5.9671,0,1,50000000,1,0,0,0,0,1,1,0,0,0,0,0,0,0,0,1,0,0,0,0,0,4.0,1,6,5,1
504,0.6548,0.6548,0.9195936532313141,1.019749970338995,3,1,900000,0,1,0,0,0,0,0,0,0,0,0,0,0,0,0,0,0,1,0,0,0,1.0,1,1,5,0
505,16.9863,16.9863,16.663,18.3233,7,1,6000000,2,1,0,0,0,0,0,0,0,0,0,0,0,0,1,0,0,1,0,0,0,1.0,1,4,1,0
506,0.7479,7.0904,8.0055,9.874,5,2,15100000,3,0,1,0,0,0,0,0,0,1,0,0,0,0,0,0,1,1,0,0,0,1.0,0,7,8,1
507,1.0,8.8795,4.0027,9.1863,7,5,62600000,2,1,0,0,0,0,0,0,0,0,0,0,0,0,1,1,0,1,1,1,1,9.3333,1,5,0,1
508,1.8575,4.6027,3.9178,6.4301,15,4,14800000,3,1,0,0,0,0,0,1,0,0,0,0,0,0,0,1,0,0,1,1,0,2.25,1,3,2,1
509,0.0411,3.1425,1.8466,4.4877,30,2,6875000,5,1,0,0,0,0,1,0,0,0,0,0,0,0,0,1,0,1,0,0,0,7.0,1,1,4,1
510,0.8712,0.8712,1.223503345594259,1.3567595817949485,1,1,30000,0,0,0,0,1,0,0,0,0,0,0,0,0,0,0,0,1,0,0,0,0,1.0,0,0,6,0
511,6.263,6.263,6.0055,6.0055,10,1,22200000,1,1,0,0,0,0,0,0,0,0,0,0,0,0,1,0,0,0,0,0,0,9.0,1,2,4,0
512,0.2055,0.4329,0.4685,2.9507,6,2,415000,2,0,0,0,0,1,0,0,0,0,0,0,0,0,1,0,1,0,0,0,0,1.0,1,6,5,1
513,0.0,3.8329,3.0027,4.7014,16,4,27063781,4,0,1,0,0,0,1,0,0,0,0,0,0,0,0,0,0,1,1,1,0,3.5,1,7,8,1
514,3.0877,3.0877,5.0027,5.0027,6,1,3100000,1,1,0,0,0,0,0,0,0,1,0,0,0,0,0,0,0,1,0,0,0,5.0,1,1,4,1
515,2.1616,3.2877,3.4986,7.6904,13,2,33000000,4,0,0,0,0,0,0,0,0,0,0,0,0,0,1,0,0,1,1,0,0,2.5,1,3,2,0
516,2.7753,5.0027,4.1644,10.7534,2,3,17400000,2,1,0,0,0,0,1,0,0,0,0,0,0,0,0,1,0,0,0,1,0,5.0,1,3,3,1
517,0.0,3.3863,5.3973,8.7123,17,5,28300000,4,1,0,0,0,0,1,0,0,0,0,0,0,0,0,0,1,1,1,1,1,2.0,1,3,2,1
518,0.0,2.1644,1.411,6.537000000000001,42,4,46800000,6,1,0,0,0,0,0,0,0,1,0,0,0,0,0,0,0,1,1,1,0,2.5,1,4,1,1
519,1.3288,2.0301,2.0,2.0301,5,3,1525000,2,0,0,0,0,1,0,0,0,0,0,1,0,0,0,0,1,0,0,0,0,2.6667,1,8,6,1
520,0.3397,0.3397,0.5452,1.7151,9,1,1200000,3,0,1,0,0,0,0,0,0,0,0,0,0,0,1,0,1,0,0,0,0,5.0,1,7,8,1
521,0.1781,4.0301,3.674,7.2438,6,3,12400000,4,1,0,0,0,0,1,0,0,0,0,0,0,0,0,1,0,1,1,0,0,1.6667,1,2,3,1
522,4.5863,4.5863,6.44094742183075,7.142454625787617,1,1,100000,0,0,0,0,0,1,0,0,0,0,0,0,1,0,0,1,0,0,0,0,0,1.0,1,6,7,0
523,2.2219,7.3288,7.0055,7.0055,4,3,11000000,1,1,0,0,0,0,0,0,0,0,0,0,0,0,0,1,1,0,1,0,0,1.6667,1,4,0,1
524,1.3397,2.2795,1.0,1.0,3,2,675000,1,0,0,0,0,1,1,0,0,0,0,0,0,0,0,0,1,0,0,0,0,1.5,0,1,6,1
525,0.0,2.3863,3.3512925087139354,3.7162940656993637,5,2,13000000,0,1,0,0,0,0,0,0,0,0,0,0,0,0,0,0,0,1,1,0,0,2.5,1,2,3,1
526,0.7479,0.7479,1.0329,2.4986,5,1,3500000,2,0,1,0,0,0,0,0,0,0,0,0,0,0,1,0,0,0,0,0,0,2.0,1,7,7,1
527,4.9342,4.9342,0.0,0.0,2,1,12000000,1,0,0,1,0,0,0,0,0,0,0,0,0,0,1,0,0,0,0,1,0,4.0,1,9,9,0
528,0.5808,4.8521,0.9068,5.4164,10,5,78573646,4,1,0,0,0,0,0,0,0,0,1,0,0,0,0,0,0,1,1,1,0,4.3333,1,3,2,1
529,0.4521,6.0822,3.7425,3.7425,2,3,15286415,1,0,0,0,0,1,0,0,0,0,0,0,0,0,1,0,0,1,0,0,0,1.0,0,1,6,1
530,0.7123,0.7123,1.5836,3.0027,5,1,3200000,3,1,0,0,0,0,1,0,0,0,0,0,0,0,0,0,0,1,0,0,0,1.0,1,5,0,1
531,0.0164,0.0164,0.0,0.0,1,1,30000,1,0,0,0,0,1,0,0,0,1,0,0,0,0,0,0,1,0,0,0,0,2.0,0,9,2,0
532,0.0,10.8192,9.5863,9.5863,28,3,14650003,1,1,0,0,0,0,0,0,0,0,0,0,0,0,0,0,1,0,0,0,1,1.0,0,3,2,1
533,3.1589,5.6712,9.0055,9.0055,9,2,23500000,1,1,0,0,0,0,0,0,0,0,0,0,0,0,0,1,0,0,1,0,0,5.0,1,4,0,1
534,5.0082,5.0082,7.033458970850745,7.799498780469998,2,1,980000,0,0,0,1,0,0,0,0,0,0,0,0,0,0,0,0,0,0,0,0,0,1.0,0,9,9,0
535,3.1562,3.1562,4.432531289445134,4.91529452715934,0,1,20000000,0,1,0,0,0,0,0,0,0,0,0,0,0,0,1,0,0,0,1,0,0,3.0,1,2,3,0
536,0.0,0.0,0.0,0.0,4,1,1500000,0,0,0,0,0,1,1,0,0,0,0,0,0,0,0,0,0,0,0,0,0,3.0,0,9,1,0
537,4.1753,5.537000000000001,6.3836,6.3836,0,2,8000000,1,1,0,0,0,0,0,0,0,0,1,0,0,0,0,0,0,1,0,0,0,1.5,1,1,4,1
538,0.326,4.6932,3.2548,4.6932,13,4,25200000,3,1,0,0,0,0,0,0,0,0,0,0,0,0,0,0,0,1,1,1,1,4.0,1,3,2,1
539,2.7507,4.589,7.9205,9.211,21,4,61000000,2,1,0,0,0,0,0,0,0,0,0,0,0,0,0,0,0,1,1,1,0,3.0,1,4,2,1
540,1.337,4.3041,2.0822,5.8356,12,4,46300000,4,1,0,0,0,0,0,0,0,0,1,0,0,0,0,1,0,1,1,1,0,4.25,1,2,4,1
541,4.0274,8.2712,5.811,11.0986,15,4,24500000,5,0,0,0,0,1,0,0,0,0,0,0,0,0,0,0,0,0,1,1,1,4.3333,1,6,7,1
542,0.9863,1.6575,0.0,0.0,1,2,7500000,1,1,0,0,0,0,0,0,0,0,1,0,0,0,0,0,0,1,0,0,0,1.0,0,3,1,0
543,3.2493,3.2493,3.8356,7.8959,19,1,14500000,3,1,0,0,0,0,0,0,1,0,0,0,0,0,0,0,0,0,0,1,0,9.0,1,4,2,1
544,2.6493,2.6493,1.0,1.0,1,1,29000000,1,0,0,0,0,1,0,0,0,0,1,0,0,0,0,1,0,0,0,0,0,5.0,1,9,2,0
545,0.0,3.3808,5.6795,5.6795,5,3,24000000,1,1,0,0,0,0,0,0,0,0,0,0,0,0,1,0,0,1,1,1,0,2.6667,1,2,3,1
546,5.3562,10.2082,8.0055,8.0055,2,4,81017493,1,1,0,0,0,0,0,0,0,0,0,0,0,0,1,1,0,0,0,1,1,5.6667,1,1,4,1
547,1.8493,2.1726,2.1699,5.0822,4,2,1000000,3,1,0,0,0,0,0,0,0,0,0,0,0,0,1,0,1,0,0,0,0,4.5,1,8,6,1
548,1.1014,1.8712,2.6466,2.6959,14,2,12010000,2,0,0,0,0,1,0,0,0,0,0,0,0,0,0,1,0,1,0,0,0,2.5,1,6,5,1
549,3.7562,3.7562,0.0,8.674,2,1,22000000,3,0,0,1,0,0,0,1,0,0,0,0,0,0,0,0,0,0,0,1,0,4.0,1,9,9,1
550,8.4493,8.4493,11.866100571544505,13.158481100160765,1,1,42700000,0,1,0,0,0,0,0,0,0,0,0,0,1,0,0,0,0,0,1,0,0,3.0,1,3,2,0
551,5.9753,7.3918,4.0027,4.0027,5,3,80000000,1,1,0,0,0,0,0,0,0,0,0,0,0,0,0,1,0,0,0,0,1,4.0,1,3,2,1
552,1.1589,1.1589,0.0,2.9616,3,1,205000,3,1,0,0,0,0,1,0,0,0,0,0,0,0,0,0,1,0,0,0,0,7.0,1,1,4,1
553,1.7644,1.7644,0.0,3.0849,5,1,3750000,2,0,1,0,0,0,0,0,0,0,0,0,0,0,1,0,0,1,0,0,0,1.0,1,7,8,1
554,0.0,0.6411,1.5836,3.0685,11,2,41000000,2,1,0,0,0,0,0,0,0,0,0,0,0,0,1,0,0,1,1,0,0,1.5,1,3,2,0
555,1.7781,2.3863,2.3123,4.6301,37,2,76000000,3,1,0,0,0,0,0,0,0,0,1,0,0,0,0,0,0,1,0,0,0,4.0,1,2,3,1
556,0.0,2.7507,3.3315,5.2438,9,2,20000000,2,0,0,1,0,0,0,0,1,0,0,0,0,0,0,0,0,1,1,0,0,1.0,1,9,9,1
557,1.2877,3.8521,1.3945,4.2356,11,2,9356180,4,1,0,0,0,0,0,0,0,0,0,0,0,0,1,0,0,1,1,0,0,1.5,1,4,0,1
558,0.0,0.0,0.0,0.0,6,1,100000,2,0,1,0,0,0,0,0,0,1,0,0,0,0,0,0,1,0,0,0,0,1.0,0,7,8,0
559,2.0767,4.6603,4.5836,4.726,9,2,13600000,2,0,0,0,0,1,0,0,0,0,0,0,0,0,0,0,0,0,1,1,0,3.0,1,0,7,1
560,1.1671,1.1671,1.926,4.0137,19,1,3000000,4,1,0,0,0,0,0,0,0,1,0,0,0,0,0,0,0,1,0,0,0,2.0,1,4,1,1
561,1.874,6.4767,9.095803625356218,10.086460954328906,4,5,21138876,0,1,0,0,0,0,0,0,0,1,0,0,0,0,0,1,0,1,1,0,0,2.0,1,5,1,0
562,0.1945,0.7836,1.211,2.3836,13,4,2345000,3,0,0,1,0,0,0,0,1,0,0,0,0,0,0,0,1,1,0,0,0,5.75,1,8,9,1
563,0.7945,0.7945,2.0466,3.326,7,1,4000000,4,1,0,0,0,0,1,0,0,0,0,0,0,0,0,0,0,1,0,0,0,1.0,0,4,1,0
564,3.811,5.1781,1.7507,3.589,2,2,17000000,2,1,0,0,0,0,0,0,0,0,0,0,0,0,0,1,0,0,0,1,0,3.0,1,2,3,0
565,1.8,1.8,1.9151,1.9151,8,1,1100000,1,0,1,0,0,0,1,0,0,0,0,0,0,0,0,0,1,0,0,0,0,8.0,1,7,8,1
566,0.0,0.8493,0.9014,0.9014,3,4,59700,1,0,0,0,0,1,0,0,0,0,0,0,0,0,0,0,1,0,0,0,0,1.0,1,5,6,1
567,0.0,0.0,2.9726,3.7041,12,1,2350000,3,1,0,0,0,0,0,0,1,0,0,0,0,0,0,0,0,1,0,0,0,2.0,1,5,0,1
568,1.8822,1.8822,1.0,1.0,2,1,10000000,1,0,0,0,0,1,0,0,0,0,0,0,0,0,0,0,0,1,0,0,0,2.0,1,6,7,0
569,0.6767,1.4493,0.0,0.0,2,2,21189,1,1,0,0,0,0,0,1,0,0,0,0,0,0,0,1,1,0,0,0,0,1.0,1,3,2,0
570,2.4521,5.1562,7.6712,8.2219,7,3,28000000,2,0,0,1,0,0,0,0,0,0,0,0,0,0,0,0,0,1,1,1,0,2.6667,1,8,9,1
571,3.3315,3.3315,4.678720610476669,5.188297229970009,0,1,9500000,0,1,0,0,0,0,0,0,0,0,0,0,0,0,0,1,0,0,0,0,0,2.0,0,2,4,0
572,1.7479,5.5616,2.2548,2.2548,5,3,69600000,1,1,0,0,0,0,0,0,0,0,0,0,0,0,1,1,0,0,1,0,1,7.6667,1,2,4,1
573,2.6822,6.4164,2.8411,7.2356,11,3,23500000,2,0,0,0,0,1,0,1,0,0,0,0,0,0,0,1,0,0,1,1,0,3.6667,1,6,7,1
574,4.4712,4.4712,6.7534,6.7534,6,1,13000000,1,0,0,0,0,1,0,0,0,0,0,0,0,0,0,0,0,0,0,0,1,4.0,1,9,0,1
575,1.5616,3.1562,3.0,3.4959,8,2,21750000,2,0,1,0,0,0,0,0,0,0,1,0,0,0,0,1,0,0,1,0,0,2.0,1,7,7,1
576,5.1644,5.1644,7.252824469682038,8.042756180236262,0,1,5750000,0,0,0,0,0,1,0,0,0,0,0,0,0,0,1,0,0,0,0,1,0,4.0,1,7,7,0
577,0.7342,1.1753,0.1616,0.1616,1,2,23400000,1,0,0,0,0,1,0,0,0,0,0,0,0,0,0,0,0,1,1,0,0,2.5,1,9,9,1
578,1.0685,1.0685,0.8384,3.9918,4,1,4300000,3,1,0,0,0,0,0,0,0,1,0,0,0,0,0,0,0,1,0,0,0,2.0,1,3,2,0
579,2.2082,4.6521,0.0,0.0,1,2,20000000,1,0,0,0,1,0,0,0,0,0,0,0,0,0,1,1,0,0,0,1,0,2.0,1,0,6,1
580,4.2356,9.3616,5.0055,5.0055,16,2,51000000,1,1,0,0,0,0,0,0,0,0,0,0,1,0,0,0,0,0,0,1,0,3.5,1,2,4,1
581,3.6877,10.137,3.0027,3.0027,2,4,27101994,1,0,0,1,0,0,0,0,1,0,0,0,0,0,0,1,0,0,1,0,0,4.6667,1,8,9,1
582,5.1507,5.1507,4.0027,4.0027,6,1,6480000,1,1,0,0,0,0,0,0,0,0,0,0,0,0,1,0,0,0,0,0,1,3.0,1,1,3,1
583,0.4192,2.2329,2.2329,4.337,8,2,35000000,2,1,0,0,0,0,0,0,1,0,0,0,0,0,0,0,0,1,1,0,0,2.5,1,3,2,1
584,0.0,0.3945,0.0,0.0849,5,3,11300000,2,0,0,1,0,0,1,0,0,0,0,0,0,0,0,1,0,0,1,1,0,1.0,1,8,9,0
585,0.2986,0.2986,0.2986,0.2986,1,1,19000,1,0,0,0,0,1,0,0,0,0,0,1,0,0,0,0,1,0,0,0,0,1.0,0,0,7,0
586,1.6658,5.3014,5.8356,8.3534,27,6,78500000,3,0,0,0,0,1,0,0,0,0,0,1,0,0,0,0,0,1,1,1,1,3.4,1,7,7,1
587,0.1534,0.1534,0.21543321076005437,0.23889683178069918,4,1,600000,0,0,1,0,0,0,1,0,0,0,0,0,0,0,0,0,1,0,0,0,0,2.0,0,7,8,0
588,5.4932,6.5836,6.7534,6.7534,3,2,13000000,1,0,0,0,0,1,0,0,0,0,0,0,0,0,1,0,0,1,1,0,0,1.5,1,6,7,1
589,0.0,2.8356,2.9205,4.3096,7,5,43600000,3,1,0,0,0,0,0,0,0,0,0,0,0,0,1,0,0,1,1,1,1,3.0,1,2,3,0
590,0.3589,3.4712,3.3397,5.1918,38,5,142000000,3,1,0,0,0,0,0,0,1,0,0,0,0,0,0,0,0,1,1,1,1,5.2,1,4,0,1
591,2.1836,3.3068,2.7260000000000004,3.5425,6,2,2000000,2,1,0,0,0,0,1,0,0,0,0,0,0,0,0,1,0,1,0,0,0,1.5,1,2,3,1
592,2.0,4.0466,6.0027,6.0027,4,3,26800000,1,0,0,0,1,0,0,0,0,0,0,0,0,0,0,0,0,1,1,1,0,3.0,1,0,6,1
593,1.2904,6.388999999999999,0.0,0.0,2,6,55900000,1,1,0,0,0,0,0,0,0,0,0,0,0,0,1,1,0,1,1,1,0,3.2,1,1,4,0
594,1.6027,2.8137,3.4301,7.411,14,2,11000000,3,1,0,0,0,0,0,1,0,0,0,0,0,0,0,0,0,1,1,0,0,2.0,1,2,3,1
595,0.4137,2.474,3.0,3.0,19,3,31500000,1,1,0,0,0,0,0,0,1,0,0,0,0,0,0,0,0,1,1,1,0,3.3333,1,2,4,1
596,3.3863,3.3863,0.0,4.4274,4,1,1500000,2,0,0,0,0,1,0,0,1,0,0,0,0,0,0,1,0,0,0,0,0,2.0,0,6,7,1
597,0.0082,1.1479,0.0,1.2274,5,3,900000,3,0,1,0,0,0,0,0,0,0,0,0,0,0,1,0,1,0,0,0,0,1.5,1,7,8,0
598,1.4603,6.3918,6.4192,6.4192,4,3,58000000,1,1,0,0,0,0,0,0,0,0,0,0,1,0,0,0,0,1,1,1,0,5.0,1,1,4,1
599,0.4959,4.9671,1.0,4.5123,10,4,29050000,2,0,0,1,0,0,0,0,0,0,0,0,0,0,0,1,0,0,1,0,0,2.6667,1,9,9,1
600,0.7589,2.4521,2.1644,2.9014,3,2,250000,2,0,0,0,0,1,0,0,0,0,0,0,0,0,1,0,1,0,0,0,0,1.5,1,1,5,1
601,3.6493,3.6493,5.125035306562363,5.683221696331848,2,1,21000000,0,1,0,0,0,0,0,0,0,0,0,0,0,0,0,0,0,0,0,1,0,4.0,1,2,4,0
602,4.1671,7.4356,10.442471850896089,11.579799754814646,25,2,35000000,0,0,1,0,0,0,0,0,0,1,0,0,0,0,0,1,0,1,0,0,0,3.5,1,8,8,1
603,0.0,0.0,0.0356,0.0356,2,1,500000,1,1,0,0,0,0,1,0,0,0,0,0,0,0,0,0,1,0,0,0,0,1.0,0,4,0,0
604,5.6110000000000015,6.474,4.0027,4.0027,3,2,30920000,1,0,0,0,1,0,0,0,0,0,0,0,0,0,1,1,0,0,0,0,0,3.5,1,0,6,1
605,2.0,8.0356,6.5863,6.5863,9,4,29288979,1,1,0,0,0,0,0,0,0,0,0,0,0,0,0,1,0,1,1,1,0,2.6667,1,3,3,1
606,8.0986,12.3671,11.8411,12.0548,11,4,24200000,2,0,0,1,0,0,0,0,0,0,0,0,0,0,0,1,0,1,0,1,0,2.3333,1,9,9,0
607,1.0,1.0,1.2521,5.2548,4,1,1000000,3,1,0,0,0,0,1,0,0,0,0,0,0,0,0,0,0,1,0,0,0,1.0,0,2,3,1
608,1.0,3.0575,5.4192,5.4192,3,2,5550000,1,0,0,0,0,1,1,0,0,0,0,0,0,0,0,0,1,1,0,0,0,1.0,1,9,6,1
609,0.0,2.3425,0.063,1.5836,8,2,3000000,3,1,0,0,0,0,0,1,0,0,0,0,0,0,0,0,1,1,0,0,0,3.5,1,2,3,0
610,0.6767,1.9178,4.9781,6.6548,13,2,14300000,3,1,0,0,0,0,1,0,0,0,0,0,0,0,0,0,0,1,1,0,0,4.5,1,2,3,1
611,4.2192,4.2192,5.925396367919304,6.570753015965618,0,1,1000000,0,1,0,0,0,0,0,0,0,0,0,0,0,0,1,1,0,0,0,0,0,2.0,0,0,5,0
612,2.5644,3.389,8.1452,8.1452,7,2,11000000,1,1,0,0,0,0,0,0,0,0,0,0,0,0,0,1,0,0,1,0,0,1.5,1,3,3,1
613,2.0027,3.0027,2.0877,4.0685,7,2,2000000,3,0,1,0,0,0,0,0,0,0,0,0,0,0,1,1,1,0,0,0,0,3.0,0,7,8,0
614,0.8301,2.7178,4.2466,4.7918,17,2,5000000,2,1,0,0,0,0,1,0,0,0,0,0,0,0,0,1,1,0,0,0,0,1.0,1,6,5,1
615,2.0027,2.0027,3.6603,4.0795,12,1,11000000,2,1,0,0,0,0,0,0,1,0,0,0,0,0,0,0,0,0,1,0,0,3.0,1,1,3,1
616,0.4192,3.4192,3.6027,4.8521,19,4,14100000,4,1,0,0,0,0,0,0,1,0,0,0,0,0,0,0,1,1,1,0,0,2.25,1,3,2,1
617,0.4932,0.4932,2.2411,2.2411,8,1,5000000,1,1,0,0,0,0,0,0,0,0,0,0,0,0,1,0,0,1,0,0,0,1.0,0,1,5,0
618,0.0,1.5808,0.0,0.0,1,2,400000,1,0,0,0,0,1,1,0,0,0,0,0,0,0,0,0,1,0,0,0,0,1.0,0,9,0,0
619,7.3945,7.3945,4.0027,4.0027,4,1,10000000,1,1,0,0,0,0,0,0,0,0,0,0,1,0,0,0,0,0,0,1,0,1.0,0,4,1,1
620,0.8329,4.0712,2.0,2.0,3,3,11035000,1,0,0,1,0,0,0,0,0,0,0,0,0,0,0,1,0,0,1,1,0,1.6667,1,8,9,0
621,5.6438,5.6438,8.0055,11.3288,9,1,12700000,2,0,0,1,0,0,0,0,0,0,0,0,0,0,1,0,0,0,0,0,1,4.0,1,8,9,1
622,2.9507,3.5562,0.0,0.0,3,2,20757182,1,1,0,0,0,0,0,0,0,0,0,0,1,0,0,0,0,0,1,0,0,1.0,1,6,5,1
623,5.4658,7.2822,10.5918,10.5918,5,3,27000000,1,1,0,0,0,0,0,0,0,0,0,0,0,0,0,0,0,0,0,0,1,6.0,1,2,4,1
624,3.7534,3.7534,5.5425,6.7562,7,1,10000000,3,0,1,0,0,0,0,0,0,1,0,0,0,0,0,0,0,1,0,0,0,1.0,0,7,8,1
625,4.2219,4.2219,5.929188217130856,6.574957849380272,4,1,26000000,0,1,0,0,0,0,0,0,0,0,0,0,0,0,1,0,0,0,0,0,1,4.0,1,0,4,0
626,2.1616,4.9562,6.960430763813438,7.718516803595183,2,2,4000000,0,0,0,0,0,1,0,0,0,0,0,0,0,0,1,0,0,1,0,0,0,2.0,1,9,9,0
627,2.0849,3.9425,0.0,0.0,3,2,20220000,1,1,0,0,0,0,0,0,0,0,0,0,0,0,1,0,0,1,1,0,0,3.0,1,2,3,1
628,4.3534,4.3534,6.1699,9.0904,7,1,10000000,3,0,1,0,0,0,0,0,0,0,1,0,0,0,0,0,0,0,1,0,0,4.0,1,7,7,1
629,1.5123,3.6082,1.3178,4.1589,8,2,7350000,3,0,1,0,0,0,0,0,0,0,1,0,0,0,0,0,0,1,1,0,0,4.5,1,7,8,0
630,0.7671,0.7671,0.0,0.0,1,1,50000,1,1,0,0,0,0,0,0,0,0,0,0,0,0,1,0,1,0,0,0,0,1.0,0,1,4,0
631,1.8822,1.8822,1.6603,3.0247,5,1,1000000,3,0,1,0,0,0,0,0,0,0,0,0,0,0,1,0,0,1,0,0,0,7.0,1,7,8,0
632,2.7945,6.0356,7.5014,8.0055,16,4,45000000,2,1,0,0,0,0,0,0,0,0,0,0,0,0,1,0,0,1,1,1,0,2.0,1,2,3,0
633,0.2164,4.8438,0.2164,6.2466,22,5,70000000,5,1,0,0,0,0,0,0,1,0,0,0,0,0,0,1,0,1,1,1,0,4.2,1,0,5,0
634,1.3096,1.3096,1.0027,1.3096,3,1,500000,2,0,0,0,0,1,0,0,0,0,0,1,0,0,0,0,0,1,0,0,0,1.0,1,9,1,0
635,0.0849,1.3342,1.8737352659456619,2.077810645122613,6,2,500000,0,1,0,0,0,0,0,0,0,0,0,0,0,0,0,0,0,0,0,0,0,1.0,1,4,0,0
636,1.0877,3.6438,3.4986,3.4986,2,3,44000000,1,0,0,0,1,0,0,0,0,0,0,0,0,0,1,0,0,1,1,1,0,4.0,1,0,6,1
637,10.3644,10.3644,5.8384,5.8384,4,1,21000000,1,0,0,0,0,1,0,0,0,0,0,0,0,0,1,1,0,0,0,0,0,5.0,1,6,5,0
638,0.7041,1.1315,1.4493,2.2055,12,2,19000000,2,1,0,0,0,0,0,0,0,0,1,0,0,0,0,0,0,1,1,0,0,3.5,1,1,5,1
639,1.4247,4.5397,6.3755029132165495,7.069882315742112,0,3,18700000,0,1,0,0,0,0,0,0,0,0,0,0,0,0,1,1,0,1,0,0,0,2.0,1,6,5,0
640,1.0932,1.0932,1.6137,2.1671,6,1,10000000,2,1,0,0,0,0,0,0,0,0,0,0,0,0,0,0,0,1,0,0,0,7.0,1,4,0,1
641,0.4192,0.4192,0.5887196998084406,0.6528393212677255,5,3,5900000,0,0,0,0,0,1,0,0,0,0,0,0,0,0,0,0,1,0,0,0,0,1.0,0,0,7,0
642,3.4301,4.2548,6.0055,6.4219,13,2,28000000,2,0,0,1,0,0,0,0,0,0,0,0,0,0,1,0,0,0,1,1,0,2.0,1,1,4,1
643,0.0,4.3945,3.1534,4.3945,5,7,24300000,2,0,0,0,0,1,0,0,0,0,0,0,0,0,0,1,1,1,1,0,0,2.0,1,9,9,0
644,0.4137,5.3370000000000015,5.5205,7.189,21,4,32006000,3,1,0,0,0,0,0,1,0,0,0,0,0,0,0,0,1,1,1,1,0,1.6667,1,2,3,1
645,3.0877,3.0877,1.0,1.0,4,1,13400000,1,1,0,0,0,0,0,0,0,0,0,0,0,0,1,0,0,0,1,0,0,2.0,1,1,3,1
646,3.8493,4.8329,4.9644,7.2575,18,3,9400000,3,1,0,0,0,0,0,0,1,0,0,0,0,0,0,0,1,1,1,0,0,1.5,1,5,1,1
647,1.0849,7.937,3.0,7.4301,10,6,15324624,3,0,0,0,0,1,0,0,1,0,0,0,0,0,0,1,1,1,1,0,0,2.5,1,6,5,1
648,1.3342,1.3342,2.3726,4.1562,3,1,2000000,2,0,0,0,0,1,1,0,0,0,0,0,0,0,0,0,0,0,0,0,0,11.0,1,9,1,1
649,0.4192,3.674,0.8932,5.2767,24,3,16000000,4,1,0,0,0,0,1,0,0,0,0,0,0,0,0,0,0,1,1,1,0,5.6667,1,4,0,1
650,3.9205,6.7342,9.457433689050575,10.487477474430147,3,3,44000000,0,0,0,0,0,1,0,0,0,0,0,0,0,0,1,1,0,0,1,1,0,2.3333,1,9,6,0
651,1.811,2.4548,0.7479,0.7479,2,2,1175000,1,0,0,0,0,1,0,0,0,0,0,0,0,0,0,1,0,0,0,0,0,1.0,0,6,7,0
652,6.8329,10.2712,13.011,13.011,22,2,9000000,1,1,0,0,0,0,0,0,0,0,0,0,0,0,1,0,0,0,0,0,0,4.0,1,4,4,1
653,0.3288,5.3726,9.0055,9.0055,9,3,35150000,1,1,0,0,0,0,1,0,0,0,0,0,0,0,0,0,0,1,1,1,0,3.0,1,0,5,1
654,1.3288,5.6712,2.4959,5.6712,4,3,12000000,2,0,0,1,0,0,0,0,0,0,0,0,0,0,0,1,0,1,1,0,0,2.6667,1,9,9,1
655,5.662999999999999,5.662999999999999,5.0027,5.0027,4,1,30000000,1,1,0,0,0,0,0,0,0,0,0,0,1,0,0,0,0,0,0,1,0,9.0,1,2,3,1
656,6.1342,6.1342,7.1726,7.1726,5,1,8000000,1,1,0,0,0,0,0,0,0,0,0,0,0,0,1,0,0,0,1,0,0,2.0,1,3,1,1
657,2.0959,2.0959,2.2822,3.1699,6,1,4100000,3,1,0,0,0,0,0,0,0,1,0,0,0,0,0,0,0,1,0,0,0,2.0,1,5,1,1
658,1.9562,3.5123,3.4986,3.4986,1,2,2408500,1,0,0,0,0,1,0,0,0,0,0,0,0,0,1,0,1,0,0,0,0,3.0,1,6,6,0
659,2.1644,5.8493,6.0027,6.0027,3,4,72000000,1,1,0,0,0,0,0,0,0,0,0,0,0,0,1,0,0,1,1,1,0,2.25,1,2,4,0
660,1.0,2.0,3.2493,3.2493,2,2,18400000,1,0,0,0,0,1,0,0,1,0,0,0,0,0,0,1,0,0,0,0,0,1.0,0,9,6,0
661,8.0219,14.9726,4.0027,4.0027,4,7,162264126,1,0,0,0,0,1,0,0,0,0,0,0,1,0,0,1,0,0,1,1,1,6.75,1,1,7,0
662,7.4575,7.4575,5.5863,5.5863,7,1,29000000,1,0,0,1,0,0,0,0,0,0,0,0,1,0,0,1,0,0,0,0,0,7.0,1,8,9,1
663,5.4247,5.4247,7.618386821447632,8.448133268323069,0,1,8700000,0,0,0,0,0,1,0,0,0,0,0,0,0,0,1,0,0,1,0,0,0,2.0,1,9,1,0
664,4.6877,4.6877,4.1644,9.274,12,1,10000000,2,0,0,1,0,0,0,1,0,0,0,0,0,0,0,0,0,0,0,1,0,7.0,1,8,9,1
665,0.9178,2.6329,2.9534,3.9699,5,2,15000000,2,0,0,1,0,0,0,0,0,0,0,0,0,0,0,0,0,1,1,0,0,2.0,1,9,9,1
666,0.6685,0.6685,0.0,0.0,2,1,2600000,1,1,0,0,0,0,0,0,0,0,0,0,0,0,1,0,0,0,0,0,0,1.0,0,6,5,0
667,1.3151,1.3151,6.4658,8.8411,30,1,15000000,3,1,0,0,0,0,1,0,0,0,0,0,0,0,0,0,0,1,0,0,0,1.0,1,5,1,1
668,0.0822,1.8164,1.0849,2.3014,7,3,4000000,2,0,1,0,0,0,1,0,0,0,0,0,0,0,0,0,1,1,0,0,0,2.0,1,7,8,1
669,0.9151,5.5452,5.0027,5.0027,9,2,73000000,1,1,0,0,0,0,0,0,0,0,0,0,1,0,0,1,0,0,1,0,0,3.0,1,4,1,1
670,0.3233,1.0986,0.8411,2.0411,5,4,12123837,3,0,1,0,0,0,0,0,0,0,0,0,0,0,1,0,1,1,0,0,0,4.6667,1,7,8,1
671,0.9178,2.4877,2.5808,5.3808,18,3,22400000,3,0,0,0,0,1,0,1,0,0,0,0,0,0,0,1,0,1,1,0,0,3.3333,1,9,1,1
672,1.2849,2.0082,2.1616,3.4438,12,2,5700000,3,1,0,0,0,0,0,0,1,0,0,0,0,0,0,0,0,1,1,0,0,4.0,1,4,0,1
673,4.5452,7.8603,11.038915687987322,12.241204477482592,2,2,28500000,0,1,0,0,0,0,0,0,0,0,0,0,1,0,0,1,0,0,1,0,0,4.5,1,6,5,0
674,0.9151,2.0712,2.0027,2.0027,9,2,21000000,1,0,0,1,0,0,0,0,0,0,0,0,0,0,0,0,0,1,1,0,0,2.5,1,9,9,1
675,21.8959,21.8959,24.6849,24.6849,1,1,8000000,1,0,0,0,0,1,0,0,0,0,0,0,0,0,0,1,0,0,0,0,0,2.0,0,1,7,0
676,0.2055,0.2055,0.1644,0.1644,1,1,1500000,1,1,0,0,0,0,0,0,0,0,1,0,0,0,0,0,0,1,0,0,0,1.0,1,3,2,0
677,0.5808,2.4603,2.5014,5.0932,17,3,28300000,4,0,0,1,0,0,0,0,0,1,0,0,0,0,0,0,0,1,1,1,0,1.6667,1,8,9,1
678,2.1452,4.9726,2.3671,2.7123,4,5,7939553,2,1,0,0,0,0,1,0,0,0,0,0,0,0,0,1,0,0,1,0,0,2.0,1,3,2,1
679,0.8329,0.8329,1.169715262334089,1.2971132411352302,3,1,545000,0,1,0,0,0,0,0,0,0,0,0,0,0,0,1,0,1,0,0,0,0,2.0,1,4,0,0
680,4.7452,8.9562,5.0027,5.0027,10,3,15247925,1,0,0,1,0,0,0,0,0,0,0,0,0,0,1,0,0,0,0,1,1,1.5,1,9,9,1
681,0.2466,2.5589,2.0027,4.7781,11,3,12800000,2,0,1,0,0,0,0,0,0,0,1,0,0,0,0,0,1,1,1,0,0,1.5,1,8,8,1
682,1.063,2.4822,0.0,1.3068,1,2,950000,2,0,0,0,0,1,0,1,0,0,0,0,0,0,0,1,0,1,0,0,0,3.0,1,8,6,0
683,2.9178,4.9205,2.0027,12.5096,6,2,16000000,5,0,0,1,0,0,1,0,0,0,0,0,0,0,0,0,0,1,1,0,0,1.0,1,9,9,1
684,6.0055,6.0055,6.0055,6.0055,2,1,10000000,1,1,0,0,0,0,0,0,0,0,0,0,0,0,1,0,0,0,0,1,0,1.0,1,1,4,1
685,0.7781,0.7781,0.3397,2.4877,5,1,1500000,3,0,1,0,0,0,0,0,0,0,0,0,0,0,1,0,0,0,0,0,0,1.0,0,7,8,1
686,5.8438,6.9452,5.9205,6.3808,6,2,13000000,2,1,0,0,0,0,0,0,0,0,0,0,0,0,1,1,0,0,0,1,0,2.0,1,4,0,0
687,2.6411,2.6411,4.0959,4.926,6,1,10000000,2,0,1,0,0,0,0,0,0,0,0,0,0,0,1,1,0,0,0,0,0,6.0,1,7,8,1
688,2.0521,2.9973,2.0027,3.8137,9,2,3915000,2,0,1,0,0,0,0,0,0,1,0,0,0,0,0,1,0,1,0,0,0,3.0,1,9,8,1
689,0.0,1.5041,1.5808,3.1726,7,2,1400000,2,0,1,0,0,0,0,0,0,0,0,0,0,0,1,0,1,1,0,0,0,6.0,1,7,8,1
690,0.0,0.6904,0.0,0.6904,6,2,650000,2,0,0,0,0,1,0,0,0,0,0,1,0,0,0,1,1,0,0,0,0,1.0,1,8,6,0
691,0.4137,3.2438,0.4137,6.8,5,3,9700000,4,0,0,0,1,0,0,0,0,0,1,0,0,0,0,1,0,1,0,0,0,1.0,1,0,6,0
692,3.1644,3.1644,2.0027,2.0027,6,1,15000000,1,1,0,0,0,0,0,0,0,0,0,0,0,0,0,0,0,0,0,0,1,3.0,1,2,4,1
693,3.7753,10.2548,10.0301,11.0329,18,4,38764000,3,1,0,0,0,0,0,0,1,0,0,0,0,0,0,1,0,1,1,0,0,2.0,1,5,1,1
694,0.3288,6.4192,1.1671,4.989,6,8,211403000,2,1,0,0,0,0,0,0,0,0,0,0,0,0,1,1,0,1,1,1,0,2.7143,1,2,3,0
695,2.4767,2.6438,3.4164,5.2,8,2,20750000,3,1,0,0,0,0,0,0,1,0,0,0,0,0,0,0,0,1,1,0,0,2.0,1,2,3,1
696,1.2493,1.8849,2.2521,3.2219,4,2,1020000,2,1,0,0,0,0,0,0,0,0,0,0,0,0,1,0,1,1,0,0,0,2.5,1,4,0,1
697,0.4301,0.4301,2.0027,2.0027,6,1,13000000,1,0,0,0,1,0,0,0,0,0,0,0,0,0,0,0,0,1,0,0,0,4.0,1,0,6,0
698,0.1671,3.9178,0.0,2.9178,8,2,14700000,2,0,1,0,0,0,0,0,0,0,0,0,0,0,0,0,1,1,0,0,0,4.0,1,7,8,1
699,1.1616,4.1644,3.0,8.9205,19,4,33000000,4,1,0,0,0,0,0,1,0,0,0,0,0,0,0,0,0,1,1,1,1,1.3333,1,3,3,1
700,5.4767,5.4767,7.691415028484939,8.529115245197882,5,1,30000000,0,1,0,0,0,0,0,0,0,0,0,0,0,0,1,0,0,0,0,1,0,6.0,1,2,4,1
701,0.2384,3.7644,2.4192,3.8795,10,4,33000000,3,0,0,0,1,0,0,0,0,0,0,0,0,0,0,0,0,1,1,1,0,4.0,1,0,6,0
702,0.0,0.0,0.0,0.0,1,1,150000,0,0,0,0,0,1,0,0,0,0,0,0,0,0,1,0,1,0,0,0,0,1.0,0,6,7,0
703,0.1671,0.1671,0.5863,0.5863,3,1,20000,1,0,0,1,0,0,0,0,0,1,0,0,0,0,0,0,1,0,0,0,0,1.0,0,8,9,0
704,3.7589,5.0685,7.118143603242083,7.893406726730598,2,3,30926154,0,1,0,0,0,0,0,0,0,0,0,0,0,0,1,0,0,0,1,0,0,3.0,1,3,4,0
705,0.8164,0.8164,1.146542850485713,1.2714170369345685,0,1,2000000,0,1,0,0,0,0,0,0,0,1,0,0,0,0,0,0,0,0,0,0,0,1.0,0,1,4,0
706,4.5397,9.337,2.0027,2.0027,2,2,19000000,1,0,0,1,0,0,0,0,0,0,0,0,0,0,0,1,0,0,1,0,0,3.5,1,9,9,0
707,3.0356,6.7534,4.0027,4.0027,2,3,33000000,1,1,0,0,0,0,0,0,0,1,0,0,0,0,0,0,0,1,1,1,0,4.0,1,4,0,0
708,4.3562,6.3151,4.0027,4.0027,1,3,15650000,1,0,0,0,0,1,0,0,0,0,0,0,0,0,1,1,0,0,0,0,0,1.3333,1,1,7,1
709,6.3342,7.5342,7.1726,10.9315,8,3,17400000,3,1,0,0,0,0,1,0,0,0,0,0,0,0,0,0,0,1,1,0,0,2.3333,1,4,0,1
710,0.8329,0.8329,0.0,1.189,5,1,154000,2,1,0,0,0,0,0,0,0,0,0,0,0,0,1,0,1,0,0,0,0,1.0,0,1,5,0
711,4.8082,4.8082,6.6027,6.7233,4,1,35000000,2,1,0,0,0,0,1,0,0,0,0,0,0,0,0,0,0,0,0,0,1,3.0,1,1,5,0
712,0.5836,4.4301,1.2521,2.1452,5,4,7516703,3,0,0,0,0,1,0,1,0,0,0,0,0,0,0,1,1,0,0,0,0,1.0,0,6,7,0
713,2.6247,2.6247,2.874,4.3014,1,1,48000000,3,0,0,0,1,0,0,0,0,0,0,0,0,0,1,1,0,0,0,0,0,5.0,1,0,6,0
714,5.4219,8.3014,8.0055,8.0055,6,3,65800000,1,1,0,0,0,0,0,0,0,0,0,0,0,0,1,1,0,0,0,0,1,4.6667,1,1,4,1
715,0.6767,0.789,0.0,0.0,2,2,125000,1,0,0,0,0,1,0,0,0,0,0,0,0,0,1,0,1,0,0,0,0,1.0,0,6,7,0
716,0.5808,0.5808,0.0,3.8301,5,1,750000,3,0,0,0,0,1,0,0,0,0,0,0,0,0,1,0,1,0,0,0,0,2.0,1,6,7,1
717,2.4384,2.4384,2.3288,2.4384,10,1,17000000,2,0,0,0,0,1,0,0,1,0,0,0,0,0,0,1,0,0,0,0,0,5.0,1,0,6,1
718,10.4247,13.0877,8.9808,12.7233,4,3,4087500,3,1,0,0,0,0,0,0,1,0,0,0,0,0,0,1,1,0,0,0,0,1.0,0,4,1,0
719,10.8795,10.8795,15.4986,15.4986,3,1,1000000,1,1,0,0,0,0,0,0,0,0,0,0,0,0,1,0,0,1,0,0,0,2.0,1,1,4,0
720,0.0,6.3644,5.4822,6.7699,13,5,23500000,3,0,0,0,1,0,0,0,0,0,0,0,0,0,1,1,0,1,1,1,0,1.75,1,0,6,1
721,0.0,0.0,0.0,0.0,2,1,990000,0,1,0,0,0,0,1,0,0,0,0,0,0,0,0,0,0,1,0,0,0,2.0,0,4,1,0
722,0.7534,0.7534,3.1699,4.6247,13,1,1000000,2,0,0,0,0,1,0,0,0,1,0,0,0,0,0,0,0,1,0,0,0,3.0,1,0,5,1
723,0.6658,5.1315,2.7479,6.0027,15,4,41000000,2,0,0,1,0,0,0,0,0,0,0,0,0,0,1,1,0,1,1,1,0,1.75,1,8,9,1
724,0.3699,0.3699,0.5194833419826864,0.576062177807566,3,1,7000000,0,0,0,0,0,1,0,0,0,0,0,0,0,0,1,0,0,1,0,0,0,1.0,1,9,0,0
725,0.8301,2.0767,1.0027,1.0027,4,2,55000000,1,0,0,1,0,0,0,0,0,0,0,0,1,0,0,0,0,1,1,0,0,2.0,1,8,9,1
726,3.7452,4.9671,4.6822,4.8384,10,2,69000000,2,1,0,0,0,0,0,0,0,0,0,0,0,0,0,0,0,1,1,0,0,3.5,1,5,2,1
727,1.3288,7.0795,4.874,7.0055,25,8,129677153,3,1,0,0,0,0,0,0,1,0,0,0,0,0,0,1,0,1,1,1,1,3.0,1,3,4,1
728,2.5041,7.2521,10.18476654337021,11.294026817189105,4,6,232000100,0,1,0,0,0,0,0,0,0,0,0,0,1,0,0,0,0,1,0,1,1,3.6667,1,3,2,1
729,0.0849,1.5863,2.1151,4.0,5,2,5700000,3,1,0,0,0,0,0,0,1,0,0,0,0,0,0,0,1,1,0,0,0,4.0,1,2,3,1
730,5.6384,5.6384,4.2493,4.2493,3,1,10500000,1,0,0,1,0,0,0,0,0,0,0,0,0,0,1,0,0,0,0,0,1,4.0,1,8,9,1
731,1.9699,3.9205,5.505905494033853,6.105573852648182,2,2,23000000,0,0,1,0,0,0,0,0,0,0,0,1,0,0,0,1,0,0,0,0,0,3.0,1,8,8,0
732,5.4329,9.4959,13.335933677029988,14.788399119337297,13,3,14000000,0,0,0,0,0,1,0,0,0,0,0,0,0,0,1,0,0,1,1,0,0,3.0,1,9,3,1
733,1.6466,1.6466,2.3124662636082496,2.564325444655145,4,2,7500000,0,1,0,0,0,0,0,0,0,0,0,0,0,0,0,0,1,1,0,0,0,2.0,1,3,1,1
734,0.8986,0.8986,0.4137,1.6329,12,1,1420000,3,0,1,0,0,0,0,0,0,0,0,0,0,0,1,0,0,1,0,0,0,16.0,1,7,8,1
735,0.1589,2.4274,0.0,2.2137,1,2,9000000,2,0,0,0,0,1,0,0,0,0,0,1,0,0,0,1,0,1,0,0,0,1.0,1,9,1,0
736,0.7644,0.7644,1.0735146434484064,1.190435060059755,3,1,500000,0,0,0,0,0,1,0,0,0,0,1,0,0,0,0,1,0,0,0,0,0,1.0,1,6,7,0
737,0.0356,0.726,0.474,0.9205,4,2,70000,2,1,0,0,0,0,0,0,0,0,0,0,0,0,1,0,1,0,0,0,0,1.0,1,2,3,1
738,0.5808,1.6548,2.323982250102594,2.5770956794700193,3,2,850000,0,1,0,0,0,0,0,0,0,0,0,1,0,0,0,0,1,1,0,0,0,1.0,1,0,5,0
739,3.8767,3.8767,3.0027,5.8329,9,1,15000000,2,1,0,0,0,0,0,0,1,0,0,0,0,0,0,1,0,0,0,0,0,1.0,1,1,4,1
740,0.5205,1.0959,0.2521,2.0575,12,2,3150000,2,1,0,0,0,0,1,0,0,0,0,0,0,0,0,0,1,1,0,0,0,11.5,1,5,0,1
741,1.2164,1.2164,1.4164,2.6822,6,1,5500000,2,1,0,0,0,0,0,0,0,0,0,1,0,0,0,0,0,1,0,0,0,8.0,1,4,0,0
742,4.8877,4.8877,3.2877,3.2877,8,1,10571182,1,1,0,0,0,0,0,0,0,0,0,0,0,0,1,0,0,1,0,0,0,1.0,0,5,0,1
743,0.5808,0.5808,0.8156688970628394,0.9045063878632991,13,1,500000,0,1,0,0,0,0,0,0,0,0,0,0,0,0,1,0,1,0,0,0,0,1.0,0,1,5,0
744,0.9233,4.7425,0.6712,7.7671,12,7,24900000,3,1,0,0,0,0,0,0,0,0,0,0,0,0,1,1,1,1,0,0,0,3.0,1,5,2,1
745,1.7616,2.326,0.8767,3.0274,12,2,3529175,3,1,0,0,0,0,1,0,0,0,0,0,0,0,0,1,0,1,0,0,0,1.0,0,1,5,0
746,0.0,4.6164,3.2904,5.2685,15,4,23400000,3,0,1,0,0,0,0,0,0,0,0,0,0,0,1,0,0,1,1,1,0,2.25,1,7,7,1
747,7.4027,7.4027,7.4,11.874,15,1,8800000,3,1,0,0,0,0,0,0,0,0,0,0,0,0,1,0,0,0,0,0,1,5.0,1,3,4,1
748,0.0,0.0,0.3288,0.3288,2,1,1500000,1,0,1,0,0,0,0,0,0,0,0,0,0,0,1,0,0,0,0,0,0,6.0,1,7,7,0
749,4.8603,9.4247,13.235941208932752,14.677516104847166,3,7,74000000,0,1,0,0,0,0,0,0,0,0,0,0,0,0,1,1,0,0,0,1,1,2.0,1,0,5,0
750,1.4164,2.0,7.0055,11.4219,3,3,8800000,2,0,0,0,0,1,0,0,0,0,0,0,0,0,1,0,0,1,1,0,0,1.0,0,9,0,1
751,2.5808,4.6082,0.5808,10.2219,3,2,7100000,3,1,0,0,0,0,1,0,0,0,0,0,0,0,0,0,1,1,0,0,0,1.5,1,4,1,1
752,1.3315,2.9973,2.1616,5.9616,8,3,3500000,6,0,0,1,0,0,0,0,0,0,0,1,0,0,0,1,1,1,0,0,0,1.6667,1,8,9,1
753,1.589,1.589,1.1863,2.5452,6,1,3000000,2,1,0,0,0,0,0,0,0,0,0,0,0,0,0,0,0,1,0,0,0,2.0,1,2,3,1
754,0.1288,0.274,0.3068,0.3068,5,2,11000,1,0,1,0,0,0,1,0,0,0,0,0,0,0,0,0,1,0,0,0,0,1.0,0,9,7,0
755,6.5452,8.6,5.0027,5.0027,4,3,26200000,1,1,0,0,0,0,0,0,0,0,0,0,0,0,1,1,0,0,0,1,0,2.5,1,0,5,1
756,1.3259999999999998,2.7096,4.3699,6.462999999999999,6,2,29000000,3,1,0,0,0,0,0,0,0,0,0,0,0,0,0,0,0,0,1,1,0,2.5,1,2,3,1
757,4.8438,4.8438,6.802577485525106,7.543471145888857,2,1,10000000,0,1,0,0,0,0,0,0,0,0,0,0,0,0,0,0,0,0,1,0,0,2.0,0,2,3,0
758,0.8521,0.8521,0.0,2.9425,3,1,500000,3,1,0,0,0,0,1,0,0,0,0,0,0,0,0,0,1,0,0,0,0,3.0,1,0,5,0
759,0.0849,1.8384,1.4164,2.337,3,3,11500000,3,1,0,0,0,0,0,0,1,0,0,0,0,0,0,0,1,1,1,0,0,1.5,1,3,2,1
760,1.1699,3.8932,2.3014,3.4301,8,5,5350000,3,0,0,0,1,0,0,0,1,0,0,0,0,0,0,0,1,1,0,0,0,3.0,1,0,6,1
761,0.6658,3.989,5.0849,7.3699,27,3,11015719,4,1,0,0,0,0,0,1,0,0,0,0,0,0,0,1,0,1,0,0,0,2.0,1,5,1,0
762,0.5288,1.0466,1.2959,3.3781,30,3,9807367,3,1,0,0,0,0,0,0,0,1,0,0,0,0,0,0,1,1,0,0,0,8.6667,1,4,0,1
763,0.0,0.6301,0.589,3.011,8,2,2535000,2,1,0,0,0,0,1,0,0,0,0,0,0,0,0,0,1,1,0,0,0,5.0,1,4,0,1
764,5.4658,8.9534,8.8384,8.9534,4,3,19000000,2,0,0,0,1,0,0,0,1,0,0,0,0,0,0,1,0,0,1,1,0,5.3333,1,0,6,1
765,0.0,2.7644,1.1616,1.1616,4,3,475000,1,1,0,0,0,0,0,0,0,0,0,0,0,0,1,0,1,0,0,0,0,4.0,0,2,3,1
766,5.7671,7.862999999999999,9.2575,9.2575,16,2,36000000,1,0,1,0,0,0,0,0,0,0,1,0,0,0,0,1,0,0,1,0,0,1.0,1,7,8,1
767,3.1671,3.1671,4.447839125151031,4.932269595388868,4,1,12000000,0,1,0,0,0,0,0,0,0,0,1,0,0,0,0,0,0,0,0,1,0,5.0,1,4,4,1
768,0.4,3.7589,3.0,3.0,15,4,122000000,1,1,0,0,0,0,0,0,0,0,0,0,1,0,0,0,0,1,1,1,1,2.5,1,6,5,1
769,0.0795,0.0795,0.5014,1.3781,8,1,1750000,2,0,1,0,0,0,0,0,0,0,0,0,0,0,1,0,0,0,0,0,0,5.0,1,7,8,1
770,0.5562,0.5562,0.0,1.9288,3,1,130000,2,0,1,0,0,0,1,0,0,0,0,0,0,0,0,0,1,0,0,0,0,1.0,0,7,8,1
771,7.9178,10.9041,15.313593699144123,16.981453346935606,4,3,13222860,0,0,0,0,0,1,0,0,0,0,0,0,0,0,1,1,0,0,0,0,0,3.0,1,8,7,0
772,4.1315,6.1507,5.5699,6.1096,10,2,2192000,3,0,0,0,0,1,0,0,0,0,0,0,0,0,1,1,0,0,1,0,0,3.0,0,6,6,0
773,5.1452,5.1452,2.0,2.0,4,1,2000000,1,0,0,1,0,0,1,0,0,0,0,0,0,0,0,1,0,0,0,0,0,1.0,1,8,9,1
774,3.0219,4.9589,6.5836,6.6822,11,2,9400000,2,1,0,0,0,0,0,0,0,0,0,0,0,0,1,0,0,1,0,0,0,2.0,1,3,1,1
775,5.3452,7.2274,10.15007814502749,11.255560378173566,2,4,13045000,0,1,0,0,0,0,0,0,0,0,0,0,0,0,1,0,0,1,1,0,0,2.0,1,3,3,1
776,0.1753,4.0986,0.7342,5.0493,8,4,10000000,3,1,0,0,0,0,1,0,0,0,0,0,0,0,0,0,0,1,1,1,0,1.25,1,0,7,1
777,1.4247,1.4247,1.0,1.0,7,1,6000000,1,1,0,0,0,0,0,0,0,1,0,0,0,0,0,0,0,0,1,0,0,2.0,1,4,2,1
778,2.0,3.5562,4.5699,4.5699,3,2,2100000,1,0,0,0,0,1,0,1,0,0,0,0,0,0,0,1,1,0,0,0,0,2.0,0,6,7,0
779,0.4192,0.8877,0.0849,1.863,3,2,3250000,3,0,0,0,0,1,0,0,0,0,0,0,0,0,1,1,0,1,0,0,0,1.0,1,6,5,1
780,6.5726,7.1562,10.050085676930253,11.144677363683439,1,3,148000000,0,1,0,0,0,0,0,0,0,0,0,0,0,0,1,1,0,0,1,0,0,3.5,1,2,4,0
781,3.9178,9.3014,10.7507,10.7507,10,2,24500000,1,1,0,0,0,0,0,0,0,0,0,0,0,0,1,1,0,1,0,0,0,2.0,1,1,4,1
782,0.0,0.8959,1.063,1.063,4,2,72000,1,0,0,0,0,1,0,0,1,0,0,0,0,0,0,0,1,0,0,0,0,1.0,0,6,5,0
783,6.6027,6.6027,4.0027,4.0027,3,1,10360000,1,1,0,0,0,0,0,0,0,0,0,0,0,0,1,0,0,0,0,1,0,5.0,1,3,2,0
784,0.0192,1.5699,2.4849,4.8712,12,3,1310000,2,0,1,0,0,0,0,0,0,0,0,0,0,0,0,0,1,0,0,0,0,6.0,1,8,8,1
785,0.0,0.0,0.0466,0.0466,1,1,150000,1,0,1,0,0,0,0,0,0,0,1,0,0,0,0,0,1,0,0,0,0,1.0,0,8,8,0
786,3.0877,9.3178,0.4959,9.5315,5,3,64000000,2,1,0,0,0,0,0,0,0,0,0,0,0,0,1,1,0,0,1,1,0,3.3333,1,1,4,1
787,0.0,0.0,0.0,0.0,2,1,250000,1,0,0,0,0,1,0,0,0,0,0,1,0,0,0,0,1,0,0,0,0,1.0,0,6,7,0
788,0.0,2.0877,1.4164,1.4164,6,3,1830000,1,1,0,0,0,0,0,0,0,0,0,0,0,0,1,0,1,1,0,0,0,2.0,0,1,5,1
789,0.4192,1.0247,0.7726,2.1699,10,2,9800000,4,0,0,0,0,1,0,0,1,0,0,0,0,0,0,0,0,1,1,0,0,4.5,1,6,5,1
790,1.8247,1.8247,3.8959,5.9068,15,1,2300000,3,1,0,0,0,0,1,0,0,0,0,0,0,0,0,0,0,1,0,0,0,1.0,0,6,7,1
791,2.4192,3.0904,0.0,3.9699,3,2,1310000,4,0,0,0,0,1,1,0,0,0,0,0,0,0,0,0,1,0,0,0,0,1.0,0,9,3,0
792,0.0822,0.8384,0.0,4.1836,4,2,4500000,5,1,0,0,0,0,0,0,0,0,1,0,0,0,0,0,1,0,1,0,0,5.5,1,5,0,0
793,2.1616,5.7315,5.0027,5.0027,5,3,22000000,1,1,0,0,0,0,0,0,0,0,0,0,0,0,0,0,0,1,1,1,0,2.6667,1,4,2,1
794,0.6658,2.0795,3.0301,4.2877,23,3,10000000,3,1,0,0,0,0,0,0,0,1,0,0,0,0,0,0,1,1,1,0,0,2.6667,1,4,0,1
795,0.8904,2.2521,2.6603,2.7534,21,4,36500000,3,0,1,0,0,0,0,0,0,0,0,1,0,0,0,0,0,1,1,1,0,1.5,1,7,8,1
796,1.7507,9.9589,9.3425,10.4603,35,7,33672656,3,0,0,0,0,1,1,0,0,0,0,0,0,0,0,1,0,1,1,0,0,2.0,1,9,1,1
797,0.8603,2.926,3.0,3.0,4,3,19000000,1,1,0,0,0,0,0,0,1,0,0,0,0,0,0,0,0,1,1,0,0,2.0,1,1,3,1
798,3.4685,3.4685,2.0,2.0,3,1,30000000,1,1,0,0,0,0,0,0,0,0,0,0,0,0,1,0,0,0,1,0,0,4.0,1,2,3,1
799,1.5151,2.937,2.6384,3.8164,6,2,2250000,2,1,0,0,0,0,1,0,0,0,0,0,0,0,0,1,0,0,0,0,0,8.5,1,2,3,1
800,5.8658,9.9644,8.1699,8.1699,7,6,53818873,1,1,0,0,0,0,0,0,0,0,0,0,0,0,1,1,0,0,0,1,0,4.25,1,1,5,1
801,2.6658,2.6658,3.743819121539458,4.151572191401485,6,1,5500000,0,1,0,0,0,0,1,0,0,0,0,0,0,0,0,0,0,1,0,0,0,1.0,1,4,2,0
802,1.9973,1.9973,0.0,3.5205,3,1,6000000,2,0,0,0,0,1,0,0,0,0,0,0,0,0,1,0,0,1,0,0,0,1.0,1,9,2,1
803,1.4959,1.6658,0.0,7.5233,2,2,30150000,3,1,0,0,0,0,0,0,0,1,0,0,0,0,0,0,0,1,1,0,0,1.5,1,6,5,0
804,3.7863,5.5123,7.741411262533556,8.584556752442946,11,2,83000000,0,1,0,0,0,0,0,0,0,0,0,0,1,0,0,1,0,0,0,0,0,1.0,0,4,1,1
805,1.0,2.7096,3.8053313420824204,4.219783933461424,1,2,12000000,0,0,1,0,0,0,0,0,0,0,1,0,0,0,0,0,0,1,1,0,0,1.0,0,7,8,0
806,0.1644,1.4986,3.1644,5.5479,6,2,3500000,2,1,0,0,0,0,0,0,0,0,0,0,0,0,0,0,1,1,0,0,0,1.0,0,2,3,1
807,1.4301,1.4301,2.3452,3.4575,5,1,4000000,3,1,0,0,0,0,0,0,0,0,0,0,0,0,0,0,0,1,0,0,0,4.0,1,3,3,1
808,2.4521,3.6027,5.05959079794816,5.610649386286342,9,2,4000000,0,1,0,0,0,0,0,0,0,0,0,0,0,0,1,0,0,1,0,0,0,1.0,1,0,5,0
809,5.8274,7.7151,10.0082,10.0082,11,2,25000000,1,1,0,0,0,0,0,0,0,0,0,0,0,0,0,1,0,0,0,0,0,4.5,1,3,3,1
810,0.8356,3.7616,0.9041,0.9041,5,3,1420698,1,0,1,0,0,0,0,1,0,0,0,0,0,0,0,1,1,0,0,0,0,2.0,1,7,7,1
811,1.6219,5.3315,0.0,0.0,5,2,10000000,1,1,0,0,0,0,0,0,0,0,0,0,0,0,1,1,0,1,0,0,0,3.0,1,1,4,1
812,1.1644,4.7973,2.326,6.9041,18,3,67000000,5,1,0,0,0,0,0,0,0,0,0,0,0,0,1,0,0,1,1,1,0,2.6667,1,3,2,1
813,0.337,5.2301,4.1726,5.7205,13,4,53000000,3,1,0,0,0,0,0,0,0,0,0,0,0,0,1,0,1,1,1,1,0,4.5,1,3,2,1
814,0.4658,1.2247,0.0,1.2247,5,2,300000,2,1,0,0,0,0,0,0,0,0,1,0,0,0,0,0,1,0,1,0,0,2.0,1,1,4,0
815,5.6685,8.5014,6.7534,8.0932,4,3,1400000,2,1,0,0,0,0,0,0,0,0,0,0,0,0,0,0,1,0,0,0,0,1.0,0,3,2,1
816,2.9178,4.2548,2.0027,7.1699,4,2,6500000,3,1,0,0,0,0,1,0,0,0,0,0,0,0,0,0,0,1,0,0,0,7.0,1,4,0,1
817,1.2795,1.2795,2.7041,3.5836,8,1,5000000,3,1,0,0,0,0,0,0,0,0,0,0,0,0,1,0,0,1,0,0,0,1.0,1,5,1,1
818,2.9342,5.5342,3.9178,6.1973,6,2,9600000,2,0,0,0,0,1,0,0,1,0,0,0,0,0,0,0,0,1,0,0,0,3.0,1,6,5,1
819,0.2466,7.4164,3.9178,10.9233,9,5,58200000,3,0,0,0,0,1,0,1,0,0,0,0,0,0,0,0,0,1,1,1,1,1.4,1,9,2,1
820,0.9151,3.7479,0.5808,4.8822,14,3,28000000,2,0,0,1,0,0,0,0,0,0,0,0,0,0,1,0,0,1,1,1,0,2.6667,1,9,9,1
821,4.7479,5.2301,5.8548,7.7562,10,2,30000000,3,0,0,0,1,0,0,0,0,0,0,0,0,0,1,1,0,0,0,0,0,1.0,0,0,6,1
822,1.0,2.1644,4.3644,5.3342,10,2,3500000,2,1,0,0,0,0,0,0,0,0,1,0,0,0,0,0,1,1,0,0,0,2.0,0,1,4,1
823,0.0849,0.0849,0.0,0.1342,7,1,16700000,2,0,0,1,0,0,1,0,0,0,0,0,0,0,0,0,0,1,0,0,0,4.0,0,8,9,0
824,11.1452,11.1452,15.652191789849791,17.356929397407097,0,1,18000000,0,0,0,0,0,1,0,0,0,0,0,0,0,0,1,0,0,0,1,0,0,7.0,1,0,5,0
825,7.537000000000001,7.537000000000001,7.0055,7.0055,6,1,15000000,1,1,0,0,0,0,0,0,0,0,0,0,0,0,1,0,0,0,0,0,1,6.0,1,2,3,1
826,3.9178,3.9178,5.502113644822301,6.101369019233529,2,2,12000000,0,1,0,0,0,0,0,0,0,0,0,0,0,0,1,0,0,1,1,0,0,4.0,1,2,3,0
827,1.2849,1.2849,0.0,0.0,1,1,15000,1,0,0,0,0,1,0,0,0,0,0,1,0,0,0,0,1,0,0,0,0,1.0,0,8,7,0
828,1.3096,1.3096,1.3096,2.8822,11,1,200000,3,0,0,0,0,1,0,0,0,0,0,0,0,0,1,1,0,0,0,0,0,1.0,0,9,1,1
829,4.0274,4.0274,5.656034635039393,6.272054108954288,0,1,15000000,0,1,0,0,0,0,0,0,0,0,0,0,0,0,1,0,0,0,0,1,0,1.0,0,0,5,0
830,0.0,1.2301,0.3151,1.2986,4,2,1400000,2,1,0,0,0,0,0,0,1,0,0,0,0,0,0,0,1,0,0,0,0,3.0,0,4,0,1
831,0.0,6.1233,5.0027,5.0027,5,4,11400000,1,0,1,0,0,0,0,0,1,0,0,0,0,0,0,1,0,0,1,0,0,3.0,1,7,7,0
832,0.7562,4.4137,2.7836,4.0027,14,4,34250000,2,1,0,0,0,0,0,0,0,0,0,0,0,0,1,1,0,1,1,1,0,2.25,1,3,4,1
833,0.0,2.7205,1.0027,5.9479,4,4,3800000,4,0,0,0,1,0,0,0,0,0,0,0,0,0,1,0,1,1,0,0,0,4.75,1,0,6,1
834,4.4521,6.1151,6.5863,6.5863,3,2,10100000,1,1,0,0,0,0,0,0,0,0,0,0,0,0,0,1,0,0,0,1,0,3.0,1,4,2,1
835,4.0795,4.0795,5.729203280936387,6.353191820400015,0,1,4000000,0,1,0,0,0,0,0,0,0,0,0,0,0,0,0,0,0,0,1,0,0,6.0,1,2,3,0
836,1.9562,1.9562,1.9562,2.0027,11,1,3011408,3,1,0,0,0,0,0,0,0,0,0,0,0,0,0,0,0,0,1,0,0,1.0,1,4,2,1
837,9.7315,9.7315,6.0027,6.0027,2,1,8000000,1,1,0,0,0,0,0,0,0,0,0,0,0,0,0,1,0,0,0,0,0,3.0,1,4,1,0
838,0.0,2.8795,2.3397,2.3397,15,2,12700000,1,1,0,0,0,0,0,0,0,0,0,0,0,0,1,0,0,1,0,0,0,1.5,1,4,1,1
839,0.0,0.0,0.3342,3.2219,5,1,300000,4,1,0,0,0,0,0,0,0,0,0,0,0,0,1,0,1,0,0,0,0,2.0,0,0,5,0
840,0.0,0.0,0.0,0.0,21,1,5675000,2,1,0,0,0,0,1,0,0,0,0,0,0,0,0,1,0,0,0,0,0,4.0,1,4,0,1
841,4.0877,4.0877,4.6685,5.1863,13,1,1000000,2,1,0,0,0,0,0,0,0,1,0,0,0,0,0,0,1,0,0,0,0,5.0,1,0,5,1
842,0.0,0.0,0.0,0.0,2,1,125000,0,0,0,0,0,1,0,0,1,0,0,0,0,0,0,0,1,0,0,0,0,1.0,0,0,7,0
843,0.2247,0.9534,0.5808,1.0685,2,2,700000,2,0,0,0,0,1,1,0,0,0,0,0,0,0,0,0,1,0,0,0,0,2.5,0,6,7,0
844,0.2521,0.6438,1.2685,1.7479,6,2,532000,2,0,0,0,0,1,0,0,1,0,0,0,0,0,0,0,1,0,0,0,0,5.0,1,9,1,1
845,0.2137,2.2137,4.6301,5.5534,8,2,8500000,3,1,0,0,0,0,1,0,0,0,0,0,0,0,0,0,0,1,1,0,0,1.0,1,3,2,1
846,3.5699,3.5699,5.8795,9.3808,2,1,9400000,3,0,0,0,0,1,0,0,0,0,0,0,0,0,1,0,0,0,1,0,0,1.0,1,9,1,1
847,0.0,2.2493,1.7479,1.7479,3,2,350000,1,0,0,0,0,1,0,1,0,0,0,0,0,0,0,0,1,0,0,0,0,1.0,1,8,9,0
848,1.1671,3.2110000000000003,0.7534,2.8110000000000004,16,2,12300000,3,0,1,0,0,0,0,0,1,0,0,0,0,0,0,0,0,0,1,1,0,1.5,1,7,8,1
849,1.5753,5.9589,4.4164,4.4164,6,5,25413298,1,0,0,1,0,0,0,0,0,0,0,0,0,0,1,1,0,1,1,0,0,3.0,1,9,9,1
850,0.4329,1.126,2.6904,3.5397,23,2,9800000,2,1,0,0,0,0,0,0,0,0,0,0,0,0,1,0,1,1,0,0,0,4.5,1,4,0,1
851,0.0,0.337,0.4082,0.8712,5,2,1015000,2,1,0,0,0,0,0,0,0,0,1,0,0,0,0,0,1,0,0,0,0,5.0,1,4,0,0
852,0.0,3.4712,0.0,1.9123,4,5,10000003,2,0,0,0,0,1,0,0,1,0,0,0,0,0,0,1,0,1,1,0,0,1.5,1,6,5,1
853,0.7699,2.8548,0.0,2.8521,3,2,1750000,2,0,0,0,0,1,0,0,0,0,0,0,0,0,1,1,1,0,0,0,0,1.0,1,8,6,1
854,0.9397,0.9397,1.4959,3.8164,4,1,100000,2,1,0,0,0,0,0,0,0,0,0,0,0,0,1,0,1,0,0,0,0,3.0,1,4,0,1
855,1.926,1.926,1.6685,2.4658,1,1,12000000,2,1,0,0,0,0,0,0,0,0,0,0,0,0,0,1,0,0,0,0,0,2.0,1,3,2,1
856,0.3178,0.6795,0.7945,2.8521,16,2,11450000,3,0,1,0,0,0,0,0,0,0,0,0,0,0,1,0,1,0,1,0,0,8.5,1,7,8,1
857,0.6685,0.6685,0.0,0.863,7,1,50000,2,1,0,0,0,0,0,0,0,1,0,0,0,0,0,0,1,0,0,0,0,3.0,0,4,0,0
858,2.5808,2.5808,3.0027,4.6082,4,1,20000000,2,1,0,0,0,0,0,0,0,0,0,0,0,0,0,0,0,0,1,0,0,4.0,1,2,4,0
859,2.9671,3.7151,6.9671,8.3342,16,2,42500000,3,0,0,0,1,0,0,0,0,0,0,0,0,0,1,0,0,0,0,1,1,5.5,1,0,6,1
860,0.0,2.3479,0.0,5.1616,7,3,22487000,2,1,0,0,0,0,0,0,0,0,0,0,0,0,1,1,0,0,1,1,0,2.3333,1,0,4,1
861,2.5342,2.5342,0.0,4.0493,3,1,7800000,2,1,0,0,0,0,0,0,0,0,0,0,0,0,0,1,0,0,0,0,0,2.0,1,4,2,1
862,3.9726,10.2493,3.0,3.0,8,4,59000000,1,0,0,0,0,1,0,0,0,0,0,0,0,0,1,0,0,0,1,1,0,6.0,1,7,7,1
863,2.337,2.337,0.5808,2.3726,5,1,4000000,4,0,0,0,0,1,0,1,0,0,0,0,0,0,0,0,0,1,0,0,0,1.0,1,9,5,0
864,1.5452,4.5178,1.663,4.9178,6,4,71400000,3,1,0,0,0,0,0,0,0,0,0,0,0,0,1,1,0,1,0,0,0,2.6667,1,0,5,1
865,0.7918,4.3205,3.9753,3.9753,5,3,25500000,1,1,0,0,0,0,0,0,0,0,0,0,0,0,1,0,0,1,1,0,0,2.6667,1,4,0,1
866,5.8603,7.6986,5.8603,7.6712,28,4,28932322,3,1,0,0,0,0,0,0,0,1,0,0,0,0,0,1,0,0,0,1,0,2.6667,1,6,5,1
867,0.9616,5.7151,6.0438,6.8849,18,6,35200000,3,1,0,0,0,0,0,0,0,0,0,0,0,0,1,1,0,1,1,1,0,2.3333,1,4,0,1
868,5.2027,8.1178,8.0055,8.0055,2,2,10000000,1,0,0,1,0,0,0,0,0,0,0,0,0,0,1,1,0,0,0,1,0,2.5,1,9,9,0
869,0.7178,3.7068,0.537,3.6274,11,3,22100000,4,1,0,0,0,0,0,0,0,0,0,0,0,0,1,1,0,1,1,0,0,2.6667,1,3,2,1
870,3.0521,9.4767,1.0,1.0,4,5,33000000,1,0,0,1,0,0,0,1,0,0,0,0,0,0,0,1,0,0,1,1,1,2.0,1,9,9,1
871,6.2986,6.2986,6.0027,6.0027,9,1,15000000,1,1,0,0,0,0,0,0,0,0,0,0,1,0,0,0,0,0,0,0,0,3.0,1,2,3,1
872,6.937,9.1589,6.0055,6.0055,6,3,13000000,1,1,0,0,0,0,0,1,0,0,0,0,0,0,0,0,0,0,0,0,1,3.0,1,1,4,1
873,1.9671,3.1945,2.2493,2.2493,5,2,12800000,1,1,0,0,0,0,0,1,0,0,0,0,0,0,0,0,0,1,1,0,0,2.5,1,1,4,1
874,0.1671,3.7808,3.8356,6.1178,6,2,626096,3,0,1,0,0,0,0,1,0,0,0,0,0,0,0,1,0,1,0,0,0,1.0,1,7,7,0
875,0.0,3.6493,4.1507,4.6849,12,4,20350000,3,0,0,1,0,0,0,0,0,0,0,0,0,0,1,0,1,1,1,0,0,3.75,1,8,9,1
876,5.7836,5.7836,2.0027,2.0027,1,1,10000000,1,1,0,0,0,0,0,0,0,0,0,0,0,0,1,1,0,0,0,0,0,3.0,1,2,4,0
877,0.5671,0.5671,0.5671,2.3534,5,1,425000,3,1,0,0,0,0,1,0,0,0,0,0,0,0,0,0,1,0,0,0,0,2.0,1,3,2,1
878,5.3644,7.9781,5.2521,5.2521,5,3,37891054,1,1,0,0,0,0,0,0,0,0,0,0,0,0,1,1,0,0,1,1,0,3.0,1,1,5,1
879,1.0877,7.7616,6.8849,6.8849,9,5,40000000,1,1,0,0,0,0,0,1,0,0,0,0,0,0,0,1,0,1,1,1,0,4.0,1,0,5,1
880,0.7014,2.126,2.4027,4.0548,10,3,5550000,4,1,0,0,0,0,0,0,0,0,1,0,0,0,0,0,0,1,1,0,0,3.0,1,1,5,1
881,0.5808,0.5808,0.0,2.1315,3,1,770000,3,1,0,0,0,0,0,1,0,0,0,0,0,0,0,0,1,0,0,0,0,6.0,1,5,1,1
882,0.1068,4.7342,6.648656495308014,7.372786056168097,0,4,19550000,0,0,0,0,1,0,0,0,0,0,0,0,0,1,0,1,0,1,0,0,0,1.0,1,0,6,0
883,1.4795,2.2521,2.2521,2.2521,6,2,4000000,1,1,0,0,0,0,1,0,0,0,0,0,0,0,0,1,0,0,0,0,0,1.0,0,7,8,1
884,1.0849,5.8192,6.3507,9.4411,14,4,42000000,4,0,0,0,0,1,1,0,0,0,0,0,0,0,0,0,0,1,1,1,0,2.3333,1,6,7,1
885,3.6548,3.6548,5.132759443845154,5.691787097732068,0,1,1900000,0,0,0,0,0,1,0,0,0,0,0,0,0,0,1,0,0,1,0,0,0,1.0,1,6,5,0
886,1.1781,2.7151,2.5178,3.6685,21,3,45039999,3,1,0,0,0,0,0,0,0,0,1,0,0,0,0,0,0,1,1,1,0,3.6667,1,0,5,1
887,4.5315,4.5315,5.5288,5.5288,1,1,1310000,1,1,0,0,0,0,0,0,0,0,0,0,0,0,1,1,0,0,0,0,0,4.0,1,4,0,0
888,7.0027,7.0027,7.6712,7.6712,3,1,3000000,1,0,0,0,0,1,0,0,0,0,0,0,0,0,1,0,0,1,0,0,0,3.0,0,9,0,1
889,0.0,3.4548,2.0247,3.9753,9,4,36000000,3,1,0,0,0,0,0,0,0,0,0,0,0,0,0,0,0,1,1,1,1,3.0,1,3,2,1
890,0.1644,0.1644,1.4822,1.4822,3,1,3000000,1,1,0,0,0,0,0,0,0,0,0,0,0,0,0,1,0,0,0,0,0,1.0,0,3,2,1
891,0.6685,0.6685,0.7973,5.2849,1,1,1300000,3,1,0,0,0,0,1,0,0,0,0,0,0,0,0,0,1,0,0,0,0,8.0,1,4,0,0
892,9.7534,9.7534,9.7534,9.7534,1,1,50000,1,0,0,0,0,1,0,0,0,0,0,0,0,0,0,1,0,0,0,0,0,1.0,0,1,6,0
893,6.2849,6.2849,5.7507,7.3068,15,1,6500000,3,0,1,0,0,0,1,0,0,0,0,0,0,0,0,0,0,1,0,0,0,8.0,1,7,7,1
894,0.6822,1.3096,0.3288,2.5945,5,2,4600000,2,0,0,1,0,0,0,0,0,1,0,0,0,0,0,0,1,1,0,0,0,9.0,1,8,9,1
895,2.1233,6.0192,2.0,6.5123,5,3,21900000,2,0,0,1,0,0,0,0,0,0,0,0,0,0,0,1,0,1,1,0,0,1.6667,1,8,9,1
896,0.4904,0.4904,1.1808,1.1808,6,1,240000,1,0,1,0,0,0,0,0,0,0,1,0,0,0,0,0,1,0,0,0,0,2.0,1,7,8,1
897,0.0,5.3014,5.0027,5.0027,17,4,34700000,1,1,0,0,0,0,0,0,0,0,0,0,0,0,0,1,0,1,1,0,0,2.25,1,0,5,1
898,1.2274,5.8712,3.6466,6.6959,4,4,33000000,2,0,0,0,0,1,0,0,0,0,0,0,0,0,0,1,0,1,1,1,0,5.3333,1,8,6,1
899,1.3014,2.4685,0.0,2.4685,3,2,1800000,2,0,1,0,0,0,0,0,0,0,0,0,0,0,1,1,1,0,0,0,0,5.0,1,8,8,0
900,0.0,3.6548,3.1507,5.3123,14,3,27300000,4,0,0,0,0,1,0,0,0,1,0,0,0,0,0,0,0,1,1,1,0,3.0,1,6,5,1
901,3.1342,5.2521,3.1342,3.5425,6,2,6760000,2,1,0,0,0,0,1,0,0,0,0,0,0,0,0,1,0,0,0,0,0,1.5,1,3,3,0
902,0.0,6.4986,0.337,10.0082,24,3,26914000,3,1,0,0,0,0,0,0,0,0,0,0,0,0,0,0,0,1,1,1,0,6.0,1,1,3,1
903,3.7562,3.7562,5.275164447567902,5.849701952637955,1,1,27500000,0,1,0,0,0,0,0,0,0,0,0,0,0,0,1,0,0,0,0,1,0,7.0,1,2,3,1
904,4.2795,4.2795,6.010081000310642,6.664660962226219,4,1,9000000,0,0,0,0,1,0,0,0,0,0,0,0,0,0,1,0,0,0,0,0,1,2.0,1,0,6,0
905,4.0356,4.0356,0.0,0.0,3,1,954000,1,1,0,0,0,0,0,0,0,0,0,0,0,0,1,1,0,0,0,0,0,1.0,0,2,4,0
906,5.3041,8.6247,12.112430331435728,13.431639537542349,4,3,53000000,0,1,0,0,0,0,0,0,0,0,0,0,0,0,1,0,0,0,0,1,1,4.6667,1,9,9,1
907,2.3315,6.6767,6.9589,8.9342,17,4,23100000,3,1,0,0,0,0,0,0,0,0,0,0,0,0,1,1,0,1,1,1,0,2.0,1,4,1,1
908,1.0,6.4548,6.5342,7.0055,28,4,108900000,2,1,0,0,0,0,0,0,0,0,0,0,0,0,1,0,0,1,1,1,0,7.5,1,5,1,1
909,0.8329,3.937,3.4822,7.6658,26,4,55000000,5,1,0,0,0,0,1,0,0,0,0,0,0,0,0,0,0,1,1,1,1,2.75,1,2,3,1
910,1.0822,2.8548,1.611,4.5096,9,2,5686383,3,0,1,0,0,0,0,1,0,0,0,0,0,0,0,0,0,1,0,0,0,2.0,0,7,8,1
911,4.4466,8.0849,6.5863,6.5863,4,6,49008830,1,1,0,0,0,0,0,0,0,0,0,0,1,0,0,1,0,1,0,1,0,3.0,1,4,1,0
912,1.6055,3.5479,4.982630302839614,5.525306841425961,10,3,32200000,0,1,0,0,0,0,0,1,0,0,0,0,0,0,0,0,0,1,1,1,0,4.0,1,5,1,1
913,1.2904,1.2904,7.1233,7.1233,3,1,2000000,1,0,0,0,1,0,1,0,0,0,0,0,0,0,0,0,0,1,0,0,0,1.0,0,0,6,0
914,3.2137,3.2137,3.0027,4.6219,5,1,2700000,2,0,1,0,0,0,0,0,0,0,1,0,0,0,0,0,0,1,0,0,0,2.0,1,7,8,1
915,5.1315,5.1315,3.1616,8.5123,6,1,2000000,2,0,0,0,0,1,0,0,0,1,0,0,0,0,0,0,0,1,0,0,0,2.0,0,9,6,0
916,0.0,3.9288,2.9151,5.7342,16,3,18000000,3,0,1,0,0,0,0,0,0,1,0,0,0,0,0,1,0,1,1,0,0,2.3333,1,7,8,1
917,5.6301,8.7589,8.5041,8.7589,9,5,122500000,2,0,0,0,0,1,0,1,0,0,0,0,0,0,0,1,0,0,0,1,1,5.6,1,9,2,1
918,0.5178,0.5178,0.5808,4.526,9,1,1100000,2,1,0,0,0,0,0,0,0,1,0,0,0,0,0,0,0,1,0,0,0,6.0,1,4,1,1
919,7.2521,9.2274,6.0027,6.0027,1,3,52000000,1,0,0,1,0,0,0,0,0,0,0,0,0,0,1,1,0,0,1,0,0,2.6667,1,9,9,0
920,8.4959,8.4959,9.0055,9.0055,5,1,44000000,1,1,0,0,0,0,0,0,0,0,0,0,1,0,0,0,0,0,0,0,1,8.0,1,3,3,0
921,0.7589,2.8329,0.7589,3.8356,12,2,15500000,2,1,0,0,0,0,0,0,0,0,0,0,0,0,0,0,0,1,1,0,0,1.0,1,4,2,1
922,3.1205,3.1205,4.0027,4.0027,4,1,20000000,1,1,0,0,0,0,0,0,0,0,0,0,0,0,1,0,0,0,1,0,0,3.0,1,2,4,1
